Object Number,Is Highlight,Is Timeline Work,Is Public Domain,Object ID,Department,AccessionYear,Object Name,Title,Constituent ID,Artist Role,Artist Prefix,Artist Display Name,Artist Display Bio,Artist Suffix,Artist Alpha Sort,Artist Nationality,Artist Begin Date,Artist End Date,Object Date,Object Begin Date,Object End Date,Medium,Dimensions,Credit Line,Classification,Link Resource,Repository,Tags,Tags AAT URL,Tags Wikidata URL,Primary Image URL
17.50.17-240,False,False,True,377745,Drawings and Prints,1917.0,Print,"A triple waterfall, a dead tree at right, a mountain and a herd of cows in the background at right, plate 7 from ""Roman landscapes and ruins"" (Paysages et ruines de Rome)",1636597766,Artist|Publisher, | ,Stefano della Bella|François Langlois,"Italian, Florence 1610–1664 Florence|French, baptized Chartres, 1588–1647 Paris", | ,"Bella, Stefano della|Langlois, François",Italian|French,1610      |1580      ,1664      |1647      ,ca. 1646,1641,1651,Etching; fourth state of nine (Talbierska),"Plate: 5 1/8 × 5 1/8 in. (13 × 13 cm)
Sheet: 5 1/4 × 5 5/16 in. (13.4 × 13.5 cm)","Purchase, Joseph Pulitzer Bequest, 1917",Prints,http://www.metmuseum.org/art/collection/search/377745,"Metropolitan Museum of Art, New York, NY",Waterfalls|Mountains|Landscapes|Trees,http://vocab.getty.edu/page/aat/300008736|http://vocab.getty.edu/page/aat/300008795|http://vocab.getty.edu/page/aat/300132294|http://vocab.getty.edu/page/aat/300132410,https://www.wikidata.org/wiki/Q34038|https://www.wikidata.org/wiki/Q8502|https://www.wikidata.org/wiki/Q191163|https://www.wikidata.org/wiki/Q10884,https://images.metmuseum.org/CRDImages/dp/original/DP817981.jpg
18.64(42),False,False,True,370575,Drawings and Prints,1918.0,Print,"Plate 42 from ""Los Caprichos"": Thou who canst not (Tu que no puedes)",16195,Artist, ,Goya (Francisco de Goya y Lucientes),"Spanish, Fuendetodos 1746–1828 Bordeaux", ,Goya (Francisco de Goya y Lucientes),Spanish,1746      ,1828      ,1799,1799,1799,"Etching, burnished aquatint","Plate: 8 7/16 × 5 15/16 in. (21.5 × 15.1 cm)
Sheet: 11 5/8 x 8 1/4 in. (29.5 x 20.9 cm)","Gift of M. Knoedler & Co., 1918",Prints,http://www.metmuseum.org/art/collection/search/370575,"Metropolitan Museum of Art, New York, NY",Men|Donkeys,http://vocab.getty.edu/page/aat/300025928|http://vocab.getty.edu/page/aat/300265959,https://www.wikidata.org/wiki/Q8441|https://www.wikidata.org/wiki/Q3537778,https://images.metmuseum.org/CRDImages/dp/original/DP816982.jpg
53.668.2,False,False,True,357880,Drawings and Prints,1953.0,Drawing,"Design for a Stage Set at the Opéra, Paris",6961,Artist, ,Eugène Cicéri,"French, Paris 1813–1890 Fontainebleau", ,"Cicéri, Eugène",French,1813      ,1890      ,1830–90,1830,1890,"Graphite, gouache, heightened with white",sheet: 11 1/16 x 16 3/4 in. (28.1 x 42.5 cm),"Gift of Mrs. Henry T. Curtis, 1953",Drawings,http://www.metmuseum.org/art/collection/search/357880,"Metropolitan Museum of Art, New York, NY",Theatre|Stage Design,http://vocab.getty.edu/page/aat/300417582|http://vocab.getty.edu/page/aat/300435128,https://www.wikidata.org/wiki/Q11635|https://www.wikidata.org/wiki/Q55619117,https://images.metmuseum.org/CRDImages/dp/original/53.668.2.jpg
27.78.2(248),False,False,True,632377,Drawings and Prints,1927.0,Print,"Jupiter, from Planets, plate 2",781209370,Artist|Artist, |Formerly attributed to,Giulio Bonasone|Georges Reverdy,"Italian, active Rome and Bologna, 1531–after 1576|French, active Lyon, 1529–57", | ,"Bonasone, Giulio|Reverdy, (Reverdino) Georges",Italian|French,1510      |1500      ,1576      |1600      ,1530–70,1530,1570,Engraving,"Sheet: 6 in. × 3 11/16 in. (15.3 × 9.4 cm)
Plate: 5 7/8 × 3 9/16 in. (15 × 9.1 cm)","Harris Brisbane Dick Fund, 1927",Prints,http://www.metmuseum.org/art/collection/search/632377,"Metropolitan Museum of Art, New York, NY",Jupiter,http://vocab.getty.edu/page/ia/901000166,https://www.wikidata.org/wiki/Q4649,https://images.metmuseum.org/CRDImages/dp/original/DP269710.jpg
63.350.208.145.3.204,False,False,True,646626,Drawings and Prints,1963.0,Photograph,"Card Number 620, Laura Wood, from the Actors and Actresses series (N145-3) issued by Duke Sons & Co. to promote Cross Cut Cigarettes",10567,Publisher,Issued by,"W. Duke, Sons & Co.","New York and Durham, N.C.", ,"Duke, W. Sons & Co.",American,1870      ,1920      ,1880s,1880,1889,Albumen photograph,Sheet: 2 11/16 × 1 3/8 in. (6.8 × 3.5 cm),"The Jefferson R. Burdick Collection, Gift of Jefferson R. Burdick",Photographs|Ephemera,http://www.metmuseum.org/art/collection/search/646626,"Metropolitan Museum of Art, New York, NY",Portraits|Women|Actresses,http://vocab.getty.edu/page/aat/300015637|http://vocab.getty.edu/page/aat/300025943|http://vocab.getty.edu/page/aat/300025658,https://www.wikidata.org/wiki/Q134307|https://www.wikidata.org/wiki/Q467|https://www.wikidata.org/wiki/Q21169216,https://images.metmuseum.org/CRDImages/dp/original/DP839876.jpg
61.663.67,False,False,True,357083,Drawings and Prints,1961.0,Print,Hercules after the antique,7002,Artist, ,Jan de Bisschop,"Dutch, Amsterdam 1628–1671 The Hague", ,"Bisschop, Jan de",Dutch,1628      ,1671      ,17th century,1640,1671,,sheet: 8 3/4 x 4 1/2 in. (22.2 x 11.4 cm),"Gift of Harry G. Friedman, 1961",Prints,http://www.metmuseum.org/art/collection/search/357083,"Metropolitan Museum of Art, New York, NY",Hercules,http://vocab.getty.edu/page/ia/901000042,https://www.wikidata.org/wiki/Q122248,https://images.metmuseum.org/CRDImages/dp/original/268524.jpg
"2000.91.1a, b",False,False,True,339157,Drawings and Prints,2000.0,Drawing,Seated Male Figure with the Head of an Onlooker (recto); Standing Male Figure in a Monk's Habit (verso),16225,Artist, ,Bernardino Poccetti,"Italian, San Marino di Valdelsa 1548–1612 Florence", ,"Poccetti, Bernardino",Italian,1548      ,1612      ,1548–1612,1548,1612,Charcoal with traces of white chalk highlights,sheet: 15 1/2 x 9 3/8 in. (39.4 x 23.8 cm),"Gift of Mr. and Mrs. Bruno de Bayser, 2000",Drawings,http://www.metmuseum.org/art/collection/search/339157,"Metropolitan Museum of Art, New York, NY",Heads|Men,http://vocab.getty.edu/page/aat/300375054|http://vocab.getty.edu/page/aat/300025928,https://www.wikidata.org/wiki/Q3409626|https://www.wikidata.org/wiki/Q8441,https://images.metmuseum.org/CRDImages/dp/original/DP123327.jpg
22.73.3-69,False,False,True,634352,Drawings and Prints,1922.0,Print,"Virtue as a young woman in the centre of four figures representing love, error, ignorance and opinion",8568116207,Artist|Artist, |After,Andrea Andreani|Jacopo Ligozzi,"Italian, Mantua 1558/1559–1629|Italian, Verona 1547–1627 Florence", | ,"Andreani, Andrea|Ligozzi, Jacopo",Italian|Italian,1558      |1547      ,1629      |1627      ,1585,1585,1585,Chiaroscuro woodcut from four blocks printed in orange ink,Sheet: 18 11/16 × 12 13/16 in. (47.5 × 32.6 cm),"Rogers Fund, 1922",Prints,http://www.metmuseum.org/art/collection/search/634352,"Metropolitan Museum of Art, New York, NY",Men|Women,http://vocab.getty.edu/page/aat/300025928|http://vocab.getty.edu/page/aat/300025943,https://www.wikidata.org/wiki/Q8441|https://www.wikidata.org/wiki/Q467,https://images.metmuseum.org/CRDImages/dp/original/DP875547.jpg
80.3.601,False,False,True,340788,Drawings and Prints,1880.0,Drawing,A Figure and Some Architectural Details.,16212,Artist,School of,Michelangelo Buonarroti,"Italian, Caprese 1475–1564 Rome", ,Michelangelo Buonarroti,Italian,1475      ,1564      ,1475–1564,1475,1564,Pen and brown ink,sheet: 7 5/16 x 8 1/8 in. (18.6 x 20.7 cm),"Gift of Cornelius Vanderbilt, 1880",Drawings,http://www.metmuseum.org/art/collection/search/340788,"Metropolitan Museum of Art, New York, NY",Human Figures|Architecture,http://vocab.getty.edu/page/aat/300404114|http://vocab.getty.edu/page/aat/300263552,https://www.wikidata.org/wiki/Q5937779|https://www.wikidata.org/wiki/Q12271,https://images.metmuseum.org/CRDImages/dp/original/DP810671.jpg
63.350.216.182.30,False,False,True,715245,Drawings and Prints,1963.0,Print,"Favette, from the Ballet Queens series (N182) issued by Wm. S. Kimball & Co.",19138,Publisher,Issued by,William S. Kimball & Company, , ,William S. Kimball & Company, ,          ,          ,1889,1889,1889,Commercial color lithograph,Sheet: 2 3/4 × 1 1/2 in. (7 × 3.8 cm),"The Jefferson R. Burdick Collection, Gift of Jefferson R. Burdick",Prints|Ephemera,http://www.metmuseum.org/art/collection/search/715245,"Metropolitan Museum of Art, New York, NY",Women|Dancers,http://vocab.getty.edu/page/aat/300025943|http://vocab.getty.edu/page/aat/300025653,https://www.wikidata.org/wiki/Q467|https://www.wikidata.org/wiki/Q5716684,https://images.metmuseum.org/CRDImages/dp/original/DPB870683.jpg
27.78.2(115),False,False,True,366537,Drawings and Prints,1927.0,Print,Woman Examining an Armillary Sphere,9118,Artist,Etched by,Master F. P.,"Italian, active 16th century", ,Master F. P.,Italian,1500      ,1600      ,16th century,1500,1599,Etching,,"Harris Brisbane Dick Fund, 1927",Prints,http://www.metmuseum.org/art/collection/search/366537,"Metropolitan Museum of Art, New York, NY",Male Nudes|Women|Female Nudes,http://vocab.getty.edu/page/aat/300189568|http://vocab.getty.edu/page/aat/300025943|http://vocab.getty.edu/page/aat/300189568,https://www.wikidata.org/wiki/Q40446|https://www.wikidata.org/wiki/Q467|https://www.wikidata.org/wiki/Q40446,https://images.metmuseum.org/CRDImages/dp/original/DP269584.jpg
22.84.1(38v),False,False,True,681398,Drawings and Prints,1922.0,Books Prints Ornament & Architecture,Page from Ein new kunstlich Modelbuch...(Page 38v),8539,Publisher, ,Peter Quentel,"German, active Cologne, 1518–46",", Cologne","Quentel, Peter",German,1500      ,1550      ,1544,1544,1544,Woodcut,Overall: 7 11/16 x 5 7/8 in. (19.5 x 15 cm),"Rogers Fund, 1922",Books|Prints|Ornament & Architecture,http://www.metmuseum.org/art/collection/search/681398,"Metropolitan Museum of Art, New York, NY",Ornament,http://vocab.getty.edu/page/aat/300164595,https://www.wikidata.org/wiki/Q335261,https://images.metmuseum.org/CRDImages/dp/original/DP357096.jpg
59.534.48,False,False,True,391185,Drawings and Prints,1959.0,Print,"Pilate Washing His Hands, from ""The Passion""",16185,Artist, ,Albrecht Dürer,"German, Nuremberg 1471–1528 Nuremberg", ,"Dürer, Albrecht",German,1471      ,1528      ,1512,1512,1512,Engraving,Sheet: 4 9/16 × 2 15/16 in. (11.6 × 7.4 cm),"Bequest of Alexandrine Sinsheimer, 1958",Prints,http://www.metmuseum.org/art/collection/search/391185,"Metropolitan Museum of Art, New York, NY",Men,http://vocab.getty.edu/page/aat/300025928,https://www.wikidata.org/wiki/Q8441,https://images.metmuseum.org/CRDImages/dp/original/DP815574.jpg
67.827.221,False,False,True,384891,Drawings and Prints,1967.0,Drawing,Design for wallpaper featuring blue shields surmouted by crowns,751567515,Artist|Artist, | ,Jules-Edmond-Charles Lachaise|Eugène-Pierre Gourdet,"French, died 1897|French, Paris 1820–1889", | ,"Lachaise, Jules-Edmond-Charles|Gourdet, Eugène-Pierre",French|French,1897      |1820      ,1897      |1889      ,1830–97,1830,1897,graphite and gouache on wove paper,"Overall: 12 3/8 x 9 7/16 in. (31.4 x 24 cm)
image: 2 5/8 x 2 3/16 in. (6.7 x 5.5 cm)","Dodge Fund, 1967",Drawings,http://www.metmuseum.org/art/collection/search/384891,"Metropolitan Museum of Art, New York, NY",,,,https://images.metmuseum.org/CRDImages/dp/original/DP811315.jpg
47.100.23,False,False,True,382804,Drawings and Prints,1947.0,Print,A Horseman by a Fence,16269,Artist, ,Anthonie Waterloo,"Dutch, Lille 1609–1690 Utrecht", ,"Waterloo, Anthonie",Dutch,1609      ,1690      ,17th century,1620,1690,Etching; third or fourth state of four,sheet: 9 1/8 x 11 3/4 in. (23.1 x 29.8 cm),"Harris Brisbane Dick Fund, 1947",Prints,http://www.metmuseum.org/art/collection/search/382804,"Metropolitan Museum of Art, New York, NY",Landscapes,http://vocab.getty.edu/page/aat/300132294,https://www.wikidata.org/wiki/Q191163,https://images.metmuseum.org/CRDImages/dp/original/DP876268.jpg
63.350.201.28.13,False,False,True,410146,Drawings and Prints,1963.0,Print,"E.A. Trickett, Oarsman, from World's Champions, Series 1 (N28) for Allen & Ginter Cigarettes",10477416158,Lithographer|Publisher, | ,"Lindner, Eddy & Claus|Allen & Ginter","American, New York|American, Richmond, Virginia", | ,"Lindner, Eddy & Claus|Allen & Ginter",American|American,          |          ,          |          ,1887,1887,1887,Commercial color lithograph,Sheet: 2 3/4 x 1 1/2 in. (7 x 3.8 cm),"The Jefferson R. Burdick Collection, Gift of Jefferson R. Burdick",Prints|Ephemera,http://www.metmuseum.org/art/collection/search/410146,"Metropolitan Museum of Art, New York, NY",Men|Portraits|Rowing|Athletes,http://vocab.getty.edu/page/aat/300025928|http://vocab.getty.edu/page/aat/300015637| |http://vocab.getty.edu/page/aat/300236025,https://www.wikidata.org/wiki/Q8441|https://www.wikidata.org/wiki/Q134307|https://www.wikidata.org/wiki/Q7371749|https://www.wikidata.org/wiki/Q2066131,https://images.metmuseum.org/CRDImages/dp/original/DP838211.jpg
35.75.3(11),False,False,True,659111,Drawings and Prints,1935.0,Books Prints Ornament & Architecture,"Essempio di recammi, page 6 (recto)",1625088793,Author|Publisher, | ,Giovanni Antonio Tagliente|Giovanni Antonio di Nicolini da Sabio e i fratelli,"Italian, Venice ca. 1465–1528 Venice|Italian, active Venice, ca. 1522–1545"," |, Venice","Tagliente, Giovanni Antonio|Giovanni Antonio di Nicolini da Sabio e i fratelli",Italian|Italian,1465      |1522      ,1528      |1545      ,1530,1530,1530,Woodcut,Overall: 7 13/16 x 6 3/16 x 3/8 in. (19.8 x 15.7 x 1 cm),"Harris Brisbane Dick Fund, 1935",Books|Prints|Ornament & Architecture,http://www.metmuseum.org/art/collection/search/659111,"Metropolitan Museum of Art, New York, NY",Ornament,http://vocab.getty.edu/page/aat/300164595,https://www.wikidata.org/wiki/Q335261,https://images.metmuseum.org/CRDImages/dp/original/DP364574.jpg
46.38.32,False,False,True,367276,Drawings and Prints,1946.0,Drawing ; Ornament and Architecture,Design for a Screen,9156,Artist, ,Charles Hindley and Sons,"British, London 1841–1917 London", ,"Hindley, Charles and Sons",British,1841      ,1917      ,1841–84,1841,1884,Pen and brown ink over graphite,sheet: 10 7/16 x 7 1/8 in. (26.5 x 18.1 cm),"Harris Brisbane Dick Fund, 1946",Drawings|Ornament & Architecture,http://www.metmuseum.org/art/collection/search/367276,"Metropolitan Museum of Art, New York, NY",Screens,http://vocab.getty.edu/page/aat/300037737,https://www.wikidata.org/wiki/Q1144689,https://images.metmuseum.org/CRDImages/dp/original/DP804646.jpg
37.45.3(33),False,False,True,362671,Drawings and Prints,1937.0,Print,"Prisoners on a Projecting Platform, from ""Carceri d'invenzione"" (Imaginary Prisons)",16225510521,Artist|Publisher, | ,Giovanni Battista Piranesi|Giovanni Bouchard,"Italian, Mogliano Veneto 1720–1778 Rome|French, ca. 1716–1795", | ,"Piranesi, Giovanni Battista|Bouchard, Giovanni",Italian|Italian,1720      |1700      ,1778      |1795      ,ca. 1749–50,1744,1755,"Etching, engraving, sulphur tint or open bite, burnishing; first state of four (Robison)","Sheet: 19 1/2 x 25 3/16 in. (49.5 x 64 cm)
Plate: 16 1/8 x 21 1/4 in. (41 x 54 cm)","Harris Brisbane Dick Fund, 1937",Prints,http://www.metmuseum.org/art/collection/search/362671,"Metropolitan Museum of Art, New York, NY",Prisoners|Human Figures,http://vocab.getty.edu/page/aat/300025933|http://vocab.getty.edu/page/aat/300404114,https://www.wikidata.org/wiki/Q1862087|https://www.wikidata.org/wiki/Q5937779,https://images.metmuseum.org/CRDImages/dp/original/DP828190.jpg
26.70.3(174),False,False,True,396469,Drawings and Prints,1926.0,Print,"The Holy Family, an angel holding flowers approaching from the right",16239,Artist, ,Andrea Schiavone (Andrea Meldola),"Italian, Zadar (Zara) ca. 1510?–1563 Venice", ,"Schiavone, Andrea (Andrea Meldola)",Italian,1510      ,1563      ,ca. 1550–53,1550,1553,Etching with plate tone,sheet: 12 13/16 x 8 7/16 in. (32.5 x 21.5 cm),"Harris Brisbane Dick Fund, 1926",Prints,http://www.metmuseum.org/art/collection/search/396469,"Metropolitan Museum of Art, New York, NY",Holy Family|Saint Joseph|Angels|Christ|Virgin Mary,http://vocab.getty.edu/page/ia/901001175|http://vocab.getty.edu/page/ia/901000953|http://vocab.getty.edu/page/aat/300379004|http://vocab.getty.edu/page/ia/901000087|http://vocab.getty.edu/page/ia/901000032,https://www.wikidata.org/wiki/Q618057|https://www.wikidata.org/wiki/Q128267|https://www.wikidata.org/wiki/Q235113|https://www.wikidata.org/wiki/Q642420|https://www.wikidata.org/wiki/Q345,https://images.metmuseum.org/CRDImages/dp/original/DP823445.jpg
23.112.3115,False,False,True,380245,Drawings and Prints,1923.0,Drawing,"Design for Vis-à-vis, no. 638",16517,Manufacturer, ,Brewster & Co.,"American, New York", ,Brewster & Co.,American,          ,          ,1850–70,1850,1870,"Pen and black ink, watercolor and gouache",sheet: 5 3/4 x 8 5/8 in. (14.6 x 21.9 cm),"Gift of William Brewster, 1923",Drawings,http://www.metmuseum.org/art/collection/search/380245,"Metropolitan Museum of Art, New York, NY",Carriages,http://vocab.getty.edu/page/aat/300185335,https://www.wikidata.org/wiki/Q235356,https://images.metmuseum.org/CRDImages/dp/original/DP878176.jpg
37.1(1),False,False,True,661609,Drawings and Prints,1937.0,Books Prints Ornament & Architecture,"Fiore D'Ogni Virtu Per le Nobili Et Honeste Matrone, title page (recto)",857589425,Designer|Publisher, | ,Isabella Catanea Parasole|Antonio Fachetti,"Italian, ca. 1565/70–ca. 1625| "," |, Rome","Parasole, Isabella Catanea|Fachetti, Antonio",Italian|Italian,1565      |          ,1625      |          ,1610,1610,1610,Woodcut,Overall: 7 7/8 x 10 1/4 in. (20 x 26 cm),"Harris Brisbane Dick Fund, 1937",Books|Prints|Ornament & Architecture,http://www.metmuseum.org/art/collection/search/661609,"Metropolitan Museum of Art, New York, NY",Coat of Arms,http://vocab.getty.edu/page/aat/300126352,https://www.wikidata.org/wiki/Q14659,https://images.metmuseum.org/CRDImages/dp/original/DP362360.jpg
63.350.208.145.5.145,False,False,True,647567,Drawings and Prints,1963.0,Photograph,"Card Number 154, Julia Verene, from the Actors and Actresses series (N145-5) issued by Duke Sons & Co. to promote Cameo Cigarettes",10567,Publisher,Issued by,"W. Duke, Sons & Co.","New York and Durham, N.C.", ,"Duke, W. Sons & Co.",American,1870      ,1920      ,1880s,1880,1889,Albumen photograph,Sheet: 2 11/16 × 1 3/8 in. (6.8 × 3.5 cm),"The Jefferson R. Burdick Collection, Gift of Jefferson R. Burdick",Photographs|Ephemera,http://www.metmuseum.org/art/collection/search/647567,"Metropolitan Museum of Art, New York, NY",Portraits|Women|Actresses,http://vocab.getty.edu/page/aat/300015637|http://vocab.getty.edu/page/aat/300025943|http://vocab.getty.edu/page/aat/300025658,https://www.wikidata.org/wiki/Q134307|https://www.wikidata.org/wiki/Q467|https://www.wikidata.org/wiki/Q21169216,https://images.metmuseum.org/CRDImages/dp/original/DP840178.jpg
22.60.25(78),False,False,True,381423,Drawings and Prints,1922.0,Print,"Plate 78 from ""The Disasters of War"" (Los Desastres de la Guerra): 'He defends himself well' (Se defiende bien)",16195,Artist, ,Goya (Francisco de Goya y Lucientes),"Spanish, Fuendetodos 1746–1828 Bordeaux", ,Goya (Francisco de Goya y Lucientes),Spanish,1746      ,1828      ,1814–15 (published 1863),1814,1815,"Etching, drypoint, burin, burnisher","Plate: 6 3/4 × 8 11/16 in. (17.2 × 22 cm)
Sheet: 9 15/16 × 13 9/16 in. (25.2 × 34.5 cm)","Purchase, Jacob H. Schiff Bequest, 1922",Prints,http://www.metmuseum.org/art/collection/search/381423,"Metropolitan Museum of Art, New York, NY",Dogs|Horses,http://vocab.getty.edu/page/aat/300265714|http://vocab.getty.edu/page/aat/300250148,https://www.wikidata.org/wiki/Q144|https://www.wikidata.org/wiki/Q726,https://images.metmuseum.org/CRDImages/dp/original/DP817475.jpg
2012.136.73,False,False,True,399188,Drawings and Prints,2012.0,Print,"Pasha grasping a sword at his hip with both hands, from ""Caravan of the Sultan to Mecca"" (Caravane du Sultan à la Mecque)",16264,Artist, ,Joseph Marie Vien,"French, Montpellier 1716–1809 Paris", ,"Vien, Joseph Marie",French,1716      ,1809      ,1748,1716,1809,Etching,"sheet: 14 11/16 x 10 7/16 in. (37.3 x 26.5 cm)
plate: 8 x 5 1/4 in. (20.3 x 13.3 cm)","Bequest of Phyllis Massar, 2011",Prints,http://www.metmuseum.org/art/collection/search/399188,"Metropolitan Museum of Art, New York, NY",Swords|Men|Portraits,http://vocab.getty.edu/page/aat/300037048|http://vocab.getty.edu/page/aat/300025928|http://vocab.getty.edu/page/aat/300015637,https://www.wikidata.org/wiki/Q12791|https://www.wikidata.org/wiki/Q8441|https://www.wikidata.org/wiki/Q134307,https://images.metmuseum.org/CRDImages/dp/original/DP829060.jpg
1975.131.206,False,False,True,335321,Drawings and Prints,1975.0,Drawing,Madonna and Child [?],16331,Artist,Circle of,Alonso Cano,"Spanish, Granada 1601–1667 Granada", ,"Cano, Alonso",Spanish,1601      ,1667      ,n.d.,1600,1850,Pen and dark brown ink on tan paper. Paper cut in an oval shape,3-7/16 x 2-13/16 in.  (8.7 x 7.1 cm),"Bequest of Harry G. Sperling, 1971",Drawings,http://www.metmuseum.org/art/collection/search/335321,"Metropolitan Museum of Art, New York, NY",Madonna and Child,http://vocab.getty.edu/page/ia/901000052,https://www.wikidata.org/wiki/Q9309699,https://images.metmuseum.org/CRDImages/dp/original/DP800060.jpg
47.100.176,False,False,True,428285,Drawings and Prints,1947.0,Print,"Susanna Accused of Adultery, from The Story of Susanna",16158,Artist, ,Heinrich Aldegrever,"German, Paderborn ca. 1502–1555/1561 Soest", ,"Aldegrever, Heinrich",German,1502      ,1561      ,1555,1555,1555,Engraving,Sheet: 4 9/16 × 3 1/4 in. (11.6 × 8.3 cm),"Harris Brisbane Dick Fund, 1947",Prints,http://www.metmuseum.org/art/collection/search/428285,"Metropolitan Museum of Art, New York, NY",Men|Women,http://vocab.getty.edu/page/aat/300025928|http://vocab.getty.edu/page/aat/300025943,https://www.wikidata.org/wiki/Q8441|https://www.wikidata.org/wiki/Q467,https://images.metmuseum.org/CRDImages/dp/original/DP836636.jpg
67.542.12,False,False,True,381633,Drawings and Prints,1967.0,Print,Torchlight Procession at the Modena Carrousel,16365,Artist,Etched by,Stefano della Bella,"Italian, Florence 1610–1664 Florence", ,"Bella, Stefano della",Italian,1610      ,1664      ,1652,1652,1652,"Etching, state i",,"The Elisha Whittelsey Collection, The Elisha Whittelsey Fund, 1967",Prints,http://www.metmuseum.org/art/collection/search/381633,"Metropolitan Museum of Art, New York, NY",Horses|Human Figures,http://vocab.getty.edu/page/aat/300250148|http://vocab.getty.edu/page/aat/300404114,https://www.wikidata.org/wiki/Q726|https://www.wikidata.org/wiki/Q5937779,https://images.metmuseum.org/CRDImages/dp/original/DP818101.jpg
2008.670.1,False,False,True,384517,Drawings and Prints,2008.0,Drawing,Studies of Eight Silver Pieces,16530,Artist, ,Jean Guillaume Moitte,"French, Paris 1746–1810 Paris", ,"Moitte, Jean Guillaume",French,1746      ,1810      ,n.d.,1755,1810,"Pen and black ink, brush and gray wash",sheet: 12 x 18 1/4 in. (30.5 x 46.4 cm),"Gift of Roberta J. M. Olson and Alexander B. V. Johnson, 2008",Drawings,http://www.metmuseum.org/art/collection/search/384517,"Metropolitan Museum of Art, New York, NY",,,,https://images.metmuseum.org/CRDImages/dp/original/DP811944.jpg
54.90.1161,False,False,True,366863,Drawings and Prints,1954.0,Print,"Broadway, New York, West Side from Fulton Street to Courtland Street",936739367,Publisher|Lithographer, |Lithographed by,W. Stephenson & Co.|Boell and Michelin,"New York, NY|New York, NY", | ,"Stephenson, W. & Co.|Boell and Michelin",American|American,1800      |1800      ,1900      |1900      ,1856,1856,1856,Lithograph with tint stone,"image: 16 1/4 x 37 5/16 in. (41.2 x 94.7 cm)
sheet: 21 11/16 x 37 5/8 in. (55.1 x 95.5 cm)
","The Edward W. C. Arnold Collection of New York Prints, Maps and Pictures, Bequest of Edward W. C. Arnold, 1954",Prints,http://www.metmuseum.org/art/collection/search/366863,"Metropolitan Museum of Art, New York, NY",New York City|Buildings|Cities|Street Scene|Carriages,http://vocab.getty.edu/page/tgn/7007567|http://vocab.getty.edu/page/aat/300004789|http://vocab.getty.edu/page/aat/300008389|http://vocab.getty.edu/page/aat/300386103|http://vocab.getty.edu/page/aat/300185335,https://www.wikidata.org/wiki/Q60|https://www.wikidata.org/wiki/Q41176|https://www.wikidata.org/wiki/Q515|https://www.wikidata.org/wiki/Q7766995|https://www.wikidata.org/wiki/Q235356,https://images.metmuseum.org/CRDImages/dp/original/49FF_454R2.jpg
63.350.208.145.5.148,False,False,True,647570,Drawings and Prints,1963.0,Photograph,"Card Number 369, Marie Williams, from the Actors and Actresses series (N145-5) issued by Duke Sons & Co. to promote Cameo Cigarettes",10567,Publisher,Issued by,"W. Duke, Sons & Co.","New York and Durham, N.C.", ,"Duke, W. Sons & Co.",American,1870      ,1920      ,1880s,1880,1889,Albumen photograph,Sheet: 2 11/16 × 1 3/8 in. (6.8 × 3.5 cm),"The Jefferson R. Burdick Collection, Gift of Jefferson R. Burdick",Photographs|Ephemera,http://www.metmuseum.org/art/collection/search/647570,"Metropolitan Museum of Art, New York, NY",Portraits|Women|Actresses,http://vocab.getty.edu/page/aat/300015637|http://vocab.getty.edu/page/aat/300025943|http://vocab.getty.edu/page/aat/300025658,https://www.wikidata.org/wiki/Q134307|https://www.wikidata.org/wiki/Q467|https://www.wikidata.org/wiki/Q21169216,https://images.metmuseum.org/CRDImages/dp/original/DP840181.jpg
63.350.214.163.11,False,False,True,405154,Drawings and Prints,1963.0,Print,"Pug, from the Dogs of the World series for Old Judge Cigarettes",16328,Publisher,Issued by,Goodwin & Company, , ,Goodwin & Company, ,1850      ,1950      ,1890,1890,1890,Commercial color lithograph,sheet: 1 1/2 x 2 13/16 in. (3.8 x 7.1 cm),"The Jefferson R. Burdick Collection, Gift of Jefferson R. Burdick",Prints|Ephemera,http://www.metmuseum.org/art/collection/search/405154,"Metropolitan Museum of Art, New York, NY",Dogs,http://vocab.getty.edu/page/aat/300265714,https://www.wikidata.org/wiki/Q144,https://images.metmuseum.org/CRDImages/dp/original/DP821787.jpg
17.50.18-101,False,False,True,360712,Drawings and Prints,1917.0,Print,Skull in profile to right,16205916199,Artist|Etcher,After| ,Leonardo da Vinci|Wenceslaus Hollar,"Italian, Vinci 1452–1519 Amboise|Bohemian, Prague 1607–1677 London", | ,"Leonardo da Vinci|Hollar, Wenceslaus",Italian|Bohemian,1452      |1607      ,1519      |1677      ,1645,1645,1645,Etching; only state,"Plate: 3 1/16 × 3 5/8 in. (7.8 × 9.2 cm)
with narrow margins all around","Purchase, Joseph Pulitzer Bequest, 1917",Prints,http://www.metmuseum.org/art/collection/search/360712,"Metropolitan Museum of Art, New York, NY",Skulls,http://vocab.getty.edu/page/aat/300191856,https://www.wikidata.org/wiki/Q13147,https://images.metmuseum.org/CRDImages/dp/original/DP823728.jpg
2012.106,False,True,True,405971,Drawings and Prints,2012.0,Drawing,Portrait of Louis XIII,16267,Artist, ,Simon Vouet,"French, Paris 1590–1649 Paris", ,"Vouet, Simon",French,1590      ,1649      ,ca. 1632–35,1632,1635,Black and white chalk with touches of pastel on light brown paper,Sheet: 10 3/4 x 8 5/16 in. (27.3 x 21.1 cm),"Purchase, Lila Acheson Wallace Gift, The Elisha Whittelsey Collection, The Elisha Whittelsey Fund, and Stephen A. Geiger Gift, 2012",Drawings,http://www.metmuseum.org/art/collection/search/405971,"Metropolitan Museum of Art, New York, NY",Men|Portraits|Kings,http://vocab.getty.edu/page/aat/300025928|http://vocab.getty.edu/page/aat/300015637|http://vocab.getty.edu/page/aat/300025481,https://www.wikidata.org/wiki/Q8441|https://www.wikidata.org/wiki/Q134307|https://www.wikidata.org/wiki/Q12097,https://images.metmuseum.org/CRDImages/dp/original/DP821855.jpg
61.672,False,False,True,396389,Drawings and Prints,1961.0,Drawing,Allegories of Wisdom and Truth Leading the Infant Arts to America,16282,Artist, ,John James Barralet,"Irish, Dublin ca. 1747–1815 Philadelphia, Pennsylvania", ,"Barralet, John James",Irish,1747      ,1815      ,after 1796,1796,1796,"Pen and ink, brush and wash",sheet: 7 9/16 x 9 7/16 in. (19.2 x 24 cm),"Gift of Ferdinand H. Davis, 1961",Drawings,http://www.metmuseum.org/art/collection/search/396389,"Metropolitan Museum of Art, New York, NY",Food|Birds|Spears|Women,http://vocab.getty.edu/page/aat/300254496|http://vocab.getty.edu/page/aat/300266506|http://vocab.getty.edu/page/aat/300037038|http://vocab.getty.edu/page/aat/300025943,https://www.wikidata.org/wiki/Q2095|https://www.wikidata.org/wiki/Q5113|https://www.wikidata.org/wiki/Q44475|https://www.wikidata.org/wiki/Q467,https://images.metmuseum.org/CRDImages/dp/original/DP815649.jpg
53.600.3217,False,False,True,341718,Drawings and Prints,1953.0,Print Ornament & Architecture,"Birth of the Dauphin, Toulouse, 1682: Capture of the Golden Fleece",8424,Artist, ,Jacques LePautre,"French, ca. 1653–ca. 1684", ,"LePautre, Jacques",French,1653      ,1684      ,1682,1682,1682,Etching and engraving,Sheet: 8 7/16 × 10 3/8 in. (21.5 × 26.3 cm),"Harris Brisbane Dick Fund, 1953",Prints|Ornament & Architecture,http://www.metmuseum.org/art/collection/search/341718,"Metropolitan Museum of Art, New York, NY",Birds|Ships|Human Figures,http://vocab.getty.edu/page/aat/300266506|http://vocab.getty.edu/page/aat/300082981|http://vocab.getty.edu/page/aat/300404114,https://www.wikidata.org/wiki/Q5113|https://www.wikidata.org/wiki/Q11446|https://www.wikidata.org/wiki/Q5937779,https://images.metmuseum.org/CRDImages/dp/original/MM26251.jpg
17.3.3113,False,False,True,366991,Drawings and Prints,1917.0,Print,Christ on the Mount of Olives (reverse copy in roundel),16239,Artist,After,Martin Schongauer,"German, Colmar ca. 1435/50–1491 Breisach", ,"Schongauer, Martin",German,1435      ,1491      ,late 15th–16th century,1490,1525,Engraving,Sheet: 6 5/16 × 6 1/8 in. (16.1 × 15.6 cm),"Harris Brisbane Dick Fund, 1917",Prints,http://www.metmuseum.org/art/collection/search/366991,"Metropolitan Museum of Art, New York, NY",Praying|Angels|Christ|Suffering|Men,http://vocab.getty.edu/page/aat/300379724|http://vocab.getty.edu/page/aat/300379004|http://vocab.getty.edu/page/ia/901000087|http://vocab.getty.edu/page/aat/300055184|http://vocab.getty.edu/page/aat/300025928,https://www.wikidata.org/wiki/Q40953|https://www.wikidata.org/wiki/Q235113|https://www.wikidata.org/wiki/Q642420|https://www.wikidata.org/wiki/Q5780945|https://www.wikidata.org/wiki/Q8441,https://images.metmuseum.org/CRDImages/dp/original/DP819955.jpg
2002.333.50,False,False,True,393979,Drawings and Prints,2002.0,Print,Banknote motif: the word FIVE against a rectangle of ornamental lathe work resembling wavy woven bands,86002739168598,Printer|Printer|Artist,Printed by|Printed by|Associated with,"A. B. & C. Durand & Company|Durand, Perkins, and Company|Cyrus Durand","American, active 1824–32|New York|American, 1787–1868", | | ,"Durand, A. B. C., & Company|Durand, Perkins, and Company|Durand, Cyrus",American|American|American,1824      |1800      |1787      ,1832      |1850      |1868      ,ca. 1824–42,1819,1847,Engraving; proof,sheet: 1 1/16 x 3 1/8 in. (2.7 x 8 cm),"Gift of Joseph Veach Noble, 2002",Prints,http://www.metmuseum.org/art/collection/search/393979,"Metropolitan Museum of Art, New York, NY",,,,https://images.metmuseum.org/CRDImages/dp/original/DP837964.jpg
17.50.18-116,False,False,True,360727,Drawings and Prints,1917.0,Print,Cupid and an eagle,16199516194,Etcher|Artist, |After,Wenceslaus Hollar|Giulio Romano,"Bohemian, Prague 1607–1677 London|Italian, Rome 1499?–1546 Mantua", | ,"Hollar, Wenceslaus|Giulio Romano",Bohemian|Italian,1607      |1499      ,1677      |1546      ,1652,1652,1652,Etching; first state of two,Sheet: 4 3/8 × 5 13/16 in. (11.1 × 14.8 cm),"Purchase, Joseph Pulitzer Bequest, 1917",Prints,http://www.metmuseum.org/art/collection/search/360727,"Metropolitan Museum of Art, New York, NY",Eagles|Cupid|Bowls,http://vocab.getty.edu/page/aat/300250049|http://vocab.getty.edu/page/aat/300380105|http://vocab.getty.edu/page/aat/300203596,https://www.wikidata.org/wiki/Q2092297|https://www.wikidata.org/wiki/Q5011|https://www.wikidata.org/wiki/Q153988,https://images.metmuseum.org/CRDImages/dp/original/DP822898.jpg
63.350.207.136.4,False,False,True,640110,Drawings and Prints,1963.0,Print,"""Der's a stunt for yer,"" from the Terrors of America set (N136) issued by Duke Sons & Co. to promote Honest Long Cut Tobacco",10567010599,Publisher|Lithographer,Issued by|Lithography by,"W. Duke, Sons & Co.|Knapp & Company","New York and Durham, N.C.|American, New York", | ,"Duke, W. Sons & Co.|Knapp & Company",American|American,1870      |          ,1920      |          ,1888–89,1888,1889,Commercial color lithograph,Sheet: 2 3/4 x 1 1/2 in. (7 x 3.8 cm),"The Jefferson R. Burdick Collection, Gift of Jefferson R. Burdick",Prints|Ephemera,http://www.metmuseum.org/art/collection/search/640110,"Metropolitan Museum of Art, New York, NY",Boys,http://vocab.getty.edu/page/aat/300247598,https://www.wikidata.org/wiki/Q3010,https://images.metmuseum.org/CRDImages/dp/original/DP865584.jpg
63.350.215.171.9,False,False,True,404934,Drawings and Prints,1963.0,Photograph,"Lillian Grub, from the Actors and Actresses series (N171) for Gypsy Queen Cigarettes",16328,Publisher,Issued by,Goodwin & Company, , ,Goodwin & Company, ,1850      ,1950      ,1886–90,1886,1890,Albumen photograph,sheet: 2 11/16 x 1 3/8 in. (6.9 x 3.5 cm),"The Jefferson R. Burdick Collection, Gift of Jefferson R. Burdick",Photographs|Ephemera,http://www.metmuseum.org/art/collection/search/404934,"Metropolitan Museum of Art, New York, NY",Portraits|Women|Actresses,http://vocab.getty.edu/page/aat/300015637|http://vocab.getty.edu/page/aat/300025943|http://vocab.getty.edu/page/aat/300025658,https://www.wikidata.org/wiki/Q134307|https://www.wikidata.org/wiki/Q467|https://www.wikidata.org/wiki/Q21169216,https://images.metmuseum.org/CRDImages/dp/original/DP846568.jpg
58.648.2(34),False,False,True,336123,Drawings and Prints,1958.0,Drawing,A Reconstuction of the Pantheon (above) and a View of its Appearance Around 1700 (below),7102,Artist, ,Jan Goeree,"Dutch, Middelburg 1670–1731 Amsterdam", ,"Goeree, Jan",Dutch,1670      ,1731      ,before 1704,1690,1704,"Red chalk, pen and black ink, brush and gray wash",13 1/16 x 8 5/16 in.  (33.2 x 21.1 cm),"Gift of Helen and Janos Scholz, 1958",Drawings,http://www.metmuseum.org/art/collection/search/336123,"Metropolitan Museum of Art, New York, NY",Buildings|Architecture,http://vocab.getty.edu/page/aat/300004789|http://vocab.getty.edu/page/aat/300263552,https://www.wikidata.org/wiki/Q41176|https://www.wikidata.org/wiki/Q12271,https://images.metmuseum.org/CRDImages/dp/original/DP800266.jpg
1972.713.53c,False,False,True,340250,Drawings and Prints,1972.0,Drawing,Views of a Theater (Bayreuth): Interior Elevation of the Theater Showing Royal Box,7400,Artist,Workshop of,Giuseppe Galli Bibiena,"Italian, Parma 1696–1756 Berlin", ,"Bibiena, Giuseppe Galli",Italian,1696      ,1756      ,1696–1756,1696,1756,"Pen, gray ink, and gray and brown wash",17-3/4 x 15 in.  (45.1 x 38.1 cm),"Purchase, Bequest of Joseph H. Durkee, by exchange, 1972",Drawings,http://www.metmuseum.org/art/collection/search/340250,"Metropolitan Museum of Art, New York, NY",Theatre|Architecture,http://vocab.getty.edu/page/aat/300417582|http://vocab.getty.edu/page/aat/300263552,https://www.wikidata.org/wiki/Q11635|https://www.wikidata.org/wiki/Q12271,https://images.metmuseum.org/CRDImages/dp/original/DP820192.jpg
59.533.170,False,False,True,392680,Drawings and Prints,1959.0,Print,Private Amusement,1650958652610280,Artist|Publisher|Subject, | | ,Thomas Rowlandson|S. W. Fores|Edward Topham,"British, London 1757–1827 London|London|British, York 1751–1820 Doncaster", | | ,"Rowlandson, Thomas|Fores, S. W.|Topham, Edward",British|British|British,1757      |1761      |1751      ,1827      |1999      |1820      ,"January 1, 1786",1786,1786,Etching,"Sheet: 9 11/16 × 11 3/4 in. (24.6 × 29.8 cm)
Plate: 8 3/8 × 9 3/4 in. (21.3 × 24.7 cm)","The Elisha Whittelsey Collection, The Elisha Whittelsey Fund, 1959",Prints,http://www.metmuseum.org/art/collection/search/392680,"Metropolitan Museum of Art, New York, NY",Men|Entertainment,http://vocab.getty.edu/page/aat/300025928|http://vocab.getty.edu/page/aat/300069451,https://www.wikidata.org/wiki/Q8441|https://www.wikidata.org/wiki/Q173799,https://images.metmuseum.org/CRDImages/dp/original/DP871728.jpg
32.54.1(44),False,False,True,659005,Drawings and Prints,1932.0,Books Prints Ornament & Architecture,"Opera Nova Universali intitulata Corona di racammi, page 22 (verso)",7792,Publisher, ,Giovanni Andrea Vavassore,"Italian, active Venice 1530–1573",", Venice","Vavassore, Giovanni Andrea",Italian,1530      ,1573      ,[1530],1530,1530,Woodcut,Overall: 8 7/8 x 6 7/8 in. (22.5 x 17.5 cm),"Harris Brisbane Dick Fund, 1932",Books|Prints|Ornament & Architecture,http://www.metmuseum.org/art/collection/search/659005,"Metropolitan Museum of Art, New York, NY",Men|Women,http://vocab.getty.edu/page/aat/300025928|http://vocab.getty.edu/page/aat/300025943,https://www.wikidata.org/wiki/Q8441|https://www.wikidata.org/wiki/Q467,https://images.metmuseum.org/CRDImages/dp/original/DP348814.jpg
18.67.2(98),False,False,True,661947,Drawings and Prints,1918.0,Books Prints Ornament & Architecture,"Corona delle Nobili et Virtuose Donne: Libro I-IV, page 96 (recto)",16261,Publisher, ,Cesare Vecellio,"Italian, Pieve di Cadore 1521–1601 Venice",", Venice","Vecellio, Cesare",Italian,1521      ,1601      ,1601,1601,1601,Woodcut,Overall: 5 1/2 x 7 11/16 in. (14 x 19.5 cm),"Rogers Fund, 1918",Books|Prints|Ornament & Architecture,http://www.metmuseum.org/art/collection/search/661947,"Metropolitan Museum of Art, New York, NY",Ornament,http://vocab.getty.edu/page/aat/300164595,https://www.wikidata.org/wiki/Q335261,https://images.metmuseum.org/CRDImages/dp/original/DP353743.jpg
"2000.90a, b",False,False,True,338991,Drawings and Prints,2000.0,Drwaing,"Figures Watching a Display of Fireworks at Castel Sant'Angelo, Rome (recto); A Distant View of the Fireworks Seen from a Villa Garden (verso)",16404,Artist, ,Giovanni Francesco Grimaldi,"Italian, Bologna 1606–1680 Rome", ,"Grimaldi, Giovanni Francesco",Italian,1606      ,1680      ,1606–80,1606,1680,Pen and brown ink (recto); pen and brown ink over leadpoint or graphite (verso),10 1/8 x 14 5/8in. (25.7 x 37.1cm),"Gift of Thomas Williams, 2000",Drawings,http://www.metmuseum.org/art/collection/search/338991,"Metropolitan Museum of Art, New York, NY",Rome|Castles|Bridges|Fireworks|Human Figures,http://vocab.getty.edu/page/tgn/7000874|http://vocab.getty.edu/page/aat/300006891|http://vocab.getty.edu/page/aat/300386855|http://vocab.getty.edu/page/aat/300249836|http://vocab.getty.edu/page/aat/300404114,https://www.wikidata.org/wiki/Q220|https://www.wikidata.org/wiki/Q23413|https://www.wikidata.org/wiki/Q12280|https://www.wikidata.org/wiki/Q127933|https://www.wikidata.org/wiki/Q5937779,https://images.metmuseum.org/CRDImages/dp/original/DP810081.jpg
51.501.4532,False,False,True,816454,Drawings and Prints,1951.0,Print,"The Pentecost, with the Virgin standing at center, the Holy Spirit above, and Apostles on both sides",1196717443,Artist|Artist,After| ,"Giovanni Battista Lenardi|Anne Claude Philippe de Tubières, comte de Caylus","Italian, Roman, 1656–1704|French, Paris 1692–1765 Paris", | ,"Lenardi, Giovanni Battista|Caylus, Anne Claude Philippe de Tubières comte de",Italian|French,1656      |1692      ,1704      |1765      ,ca. 1729,1724,1734,Etching and aquatint in green,Sheet (Trimmed): 15 9/16 × 9 7/8 in. (39.6 × 25.1 cm),"The Elisha Whittelsey Collection, The Elisha Whittelsey Fund, 1951",Prints,http://www.metmuseum.org/art/collection/search/816454,"Metropolitan Museum of Art, New York, NY",,,,https://images.metmuseum.org/CRDImages/dp/original/DP885511.jpg
1989.1119,False,False,True,360006,Drawings and Prints,1989.0,Print,A Family Saying Grace,7460,Artist, ,Claes Jansz. Visscher,"Dutch, Amsterdam 1586–1652 Amsterdam", ,"Visscher, Claes Jansz.",Dutch,1586      ,1652      ,1609,1609,1609,"Etching, second state of two","Plate: 15 1/2 × 20 in. (39.3 × 50.8 cm)
Sheet: 16 1/2 × 20 9/16 in. (41.9 × 52.3 cm)","The Elisha Whittelsey Collection, The Elisha Whittelsey Fund, 1989",Prints,http://www.metmuseum.org/art/collection/search/360006,"Metropolitan Museum of Art, New York, NY",Doorways|Interiors|Family,http://vocab.getty.edu/page/aat/300002767|http://vocab.getty.edu/page/aat/300391239|http://vocab.getty.edu/page/aat/300435378,https://www.wikidata.org/wiki/Q21263223|https://www.wikidata.org/wiki/Q2998430|https://www.wikidata.org/wiki/Q8436,https://images.metmuseum.org/CRDImages/dp/original/DP836167.jpg
63.350.201.2.16,False,False,True,406414,Drawings and Prints,1963.0,Print,"Big Bear, Missouria, from the American Indian Chiefs series (N2) for Allen & Ginter Cigarettes Brands",16158,Publisher,Issued by,Allen & Ginter,"American, Richmond, Virginia", ,Allen & Ginter,American,          ,          ,1888,1888,1888,Commercial color lithograph,Sheet: 2 3/4 x 1 1/2 in. (7 x 3.8 cm),"The Jefferson R. Burdick Collection, Gift of Jefferson R. Burdick",Prints|Ephemera,http://www.metmuseum.org/art/collection/search/406414,"Metropolitan Museum of Art, New York, NY",Men|Portraits,http://vocab.getty.edu/page/aat/300025928|http://vocab.getty.edu/page/aat/300015637,https://www.wikidata.org/wiki/Q8441|https://www.wikidata.org/wiki/Q134307,https://images.metmuseum.org/CRDImages/dp/original/DP828007.jpg
17.50.17-371(158),False,False,True,419674,Drawings and Prints,1917.0,Print,"S. Gangulphe, martyr (St. Gangulphus, Martyr), May 11th, from ""Les Images De Tous Les Saincts et Saintes de L'Année"" (Images of All of the Saints and Religious Events of the Year)",1617369138,Artist|Publisher, | ,Jacques Callot|Israël Henriet,"French, Nancy 1592–1635 Nancy|French, Nancy ca. 1590–1661 Paris", | ,"Callot, Jacques|Henriet, Israël",French|French,1592      |1590      ,1635      |1661      ,1636,1636,1636,Etching; second state of two (Lieure),Sheet: 2 1/2 x 1 15/16 in. (6.4 x 5 cm),"Purchase, Joseph Pulitzer Bequest, 1917",Prints,http://www.metmuseum.org/art/collection/search/419674,"Metropolitan Museum of Art, New York, NY",Men|Saints,http://vocab.getty.edu/page/aat/300025928|http://vocab.getty.edu/page/aat/300150555,https://www.wikidata.org/wiki/Q8441|https://www.wikidata.org/wiki/Q43115,https://images.metmuseum.org/CRDImages/dp/original/DP890954.jpg
23.112.1746,False,False,True,379813,Drawings and Prints,1923.0,Drawing,"Design for Phaeton, no. 543",16517,Manufacturer, ,Brewster & Co.,"American, New York", ,Brewster & Co.,American,          ,          ,1850–74,1850,1874,"Pen and black ink, watercolor and gouache",6 5/8 x 9 1/4 in. (16.8 x 23.5 cm),"Gift of William Brewster, 1923",Drawings,http://www.metmuseum.org/art/collection/search/379813,"Metropolitan Museum of Art, New York, NY",Carriages,http://vocab.getty.edu/page/aat/300185335,https://www.wikidata.org/wiki/Q235356,https://images.metmuseum.org/CRDImages/dp/original/DP878620.jpg
1972.118.283,False,False,True,335556,Drawings and Prints,1972.0,Drawing,River Scene with Cows,16521,Artist, ,Jan van Goyen,"Dutch, Leiden 1596–1656 The Hague", ,"Goyen, Jan van",Dutch,1596      ,1656      ,1653,1653,1653,Black chalk and gray wash,4 1/2 x 7 11/16 in.  (11.4 x 19.5 cm),"Bequest of Walter C. Baker, 1971",Drawings,http://www.metmuseum.org/art/collection/search/335556,"Metropolitan Museum of Art, New York, NY",Cows|Rivers|Boats|Human Figures,http://vocab.getty.edu/page/aat/300250120|http://vocab.getty.edu/page/aat/300008707|http://vocab.getty.edu/page/aat/300178749|http://vocab.getty.edu/page/aat/300404114,https://www.wikidata.org/wiki/Q830|https://www.wikidata.org/wiki/Q4022|https://www.wikidata.org/wiki/Q35872|https://www.wikidata.org/wiki/Q5937779,https://images.metmuseum.org/CRDImages/dp/original/DP800371.jpg
2008.610,False,False,True,383906,Drawings and Prints,2008.0,Drawing,Saint Ignatius of Loyola Preaching,7035,Artist, ,Johann Wolfgang Baumgartner,"German, Kufstein 1712–1761 Augsburg", ,"Baumgartner, Johann Wolfgang",German,1712      ,1761      ,before 1761,1732,1761,"Pen and black ink, brush and gray ink, heightened with white bodycolour, over graphite; on blue paper; incised for transfer",sheet: 11 1/8 x 13 7/16 in. (28.3 x 34.2 cm),"Purchase, Alain and Marie-Christine van den Broek d'Obrenan Gift, 2008",Drawings,http://www.metmuseum.org/art/collection/search/383906,"Metropolitan Museum of Art, New York, NY",Books|Children|Men|Women|Saints,http://vocab.getty.edu/page/aat/300028051|http://vocab.getty.edu/page/aat/300025945|http://vocab.getty.edu/page/aat/300025928|http://vocab.getty.edu/page/aat/300025943|http://vocab.getty.edu/page/aat/300150555,https://www.wikidata.org/wiki/Q571|https://www.wikidata.org/wiki/Q7569|https://www.wikidata.org/wiki/Q8441|https://www.wikidata.org/wiki/Q467|https://www.wikidata.org/wiki/Q43115,https://images.metmuseum.org/CRDImages/dp/original/DP810292.jpg
51.501.7153,False,False,True,770379,Drawings and Prints,1951.0,Print,"Saint Barbara holding palm leaves with a sword and flowers at her feet, two putti overhead holding a laurel",7898616235,Artist and publisher|Artist, |After,Schelte Adams à Bolswert|Peter Paul Rubens,"Dutch, Bolsward 1581–1659 Antwerp|Flemish, Siegen 1577–1640 Antwerp", | ,"Bolswert, Schelte Adams à|Rubens, Peter Paul",Dutch|Flemish,1581      |1577      ,1659      |1640      ,ca. 1625–59,1620,1659,Etching and engraving; first state of two,Sheet (Trimmed): 13 7/16 × 9 1/2 in. (34.2 × 24.1 cm),"The Elisha Whittelsey Collection, The Elisha Whittelsey Fund, 1951",Prints,http://www.metmuseum.org/art/collection/search/770379,"Metropolitan Museum of Art, New York, NY",Angels|Saints,http://vocab.getty.edu/page/aat/300379004|http://vocab.getty.edu/page/aat/300150555,https://www.wikidata.org/wiki/Q235113|https://www.wikidata.org/wiki/Q43115,https://images.metmuseum.org/CRDImages/dp/original/DP878608.jpg
23.112.1094,False,False,True,379173,Drawings and Prints,1923.0,Drawing,"Design for T-Cart, no. 3183",16517,Manufacturer, ,Brewster & Co.,"American, New York", ,Brewster & Co.,American,          ,          ,1876,1876,1876,Pen and black ink watercolor and gouache with gum arabic,Sheet: 6 5/8 × 9 3/4 in. (16.8 × 24.8 cm),"Gift of William Brewster, 1923",Drawings,http://www.metmuseum.org/art/collection/search/379173,"Metropolitan Museum of Art, New York, NY",Carriages,http://vocab.getty.edu/page/aat/300185335,https://www.wikidata.org/wiki/Q235356,https://images.metmuseum.org/CRDImages/dp/original/DP882684.jpg
41.57.30,False,False,True,393737,Drawings and Prints,1941.0,Print,"Frontispiece: Horace, Quinti Horatii Flacci Opera",6911816227,Artist|Artist, |After,Claude Mellan|Nicolas Poussin,"French, Abbeville 1598–1688 Paris|French, Les Andelys 1594–1665 Rome", | ,"Mellan, Claude|Poussin, Nicolas",French|French,1598      |1594      ,1688      |1665      ,1642,1642,1642,Engraving; first state of two,sheet: 13 7/8 x 9 in. (35.2 x 22.9 cm),"Harris Brisbane Dick Fund, 1941",Prints,http://www.metmuseum.org/art/collection/search/393737,"Metropolitan Museum of Art, New York, NY",Masks|Men|Women|Leaves|Angels,http://vocab.getty.edu/page/aat/300262834|http://vocab.getty.edu/page/aat/300025928|http://vocab.getty.edu/page/aat/300025943|http://vocab.getty.edu/page/aat/300011892|http://vocab.getty.edu/page/aat/300379004,https://www.wikidata.org/wiki/Q161524|https://www.wikidata.org/wiki/Q8441|https://www.wikidata.org/wiki/Q467|https://www.wikidata.org/wiki/Q33971|https://www.wikidata.org/wiki/Q235113,https://images.metmuseum.org/CRDImages/dp/original/DP822412.jpg
53.547.2(4),False,False,True,660935,Drawings and Prints,1953.0,Books Prints Ornament & Archiecture,"Fiori di Ricami Nuovamente Posti in Luce, page 3 (recto)",809917708,Designer|Publisher, | ,Matteo Florimi|Francesco de' Franceschi,"Italian, active Siena, ca. 1581–died 1613|Italian, active 16th century"," |, Venice","Florimi, Matteo|Franceschi Francesco de'",Italian|Italian,1581      |1500      ,1613      |1600      ,1591,1591,1591,Woodcut,Overall: 5 1/2 x 7 7/8 in. (14 x 20 cm),"The Elisha Whittelsey Collection, The Elisha Whittelsey Fund, 1953",Books|Prints|Ornament & Architecture,http://www.metmuseum.org/art/collection/search/660935,"Metropolitan Museum of Art, New York, NY",Ornament,http://vocab.getty.edu/page/aat/300164595,https://www.wikidata.org/wiki/Q335261,https://images.metmuseum.org/CRDImages/dp/original/DP362531.jpg
23.112.540,False,False,True,378615,Drawings and Prints,1923.0,Drawing,White Chapel Cart # 3202,16517,Manufacturer, ,Brewster & Co.,"American, New York", ,Brewster & Co.,American,          ,          ,1876,1876,1876,"Pen and black ink, watercolor and gouache with gum arabic",sheet: 6 1/8 x 8 15/16 in. (15.6 x 22.7 cm),"Gift of William Brewster, 1923",Drawings,http://www.metmuseum.org/art/collection/search/378615,"Metropolitan Museum of Art, New York, NY",Carriages,http://vocab.getty.edu/page/aat/300185335,https://www.wikidata.org/wiki/Q235356,https://images.metmuseum.org/CRDImages/dp/original/DP881260.jpg
17.22.9,False,False,True,336857,Drawings and Prints,1917.0,Print,The Satyr,16180610098,Artist|Printer, | ,Charles-François Daubigny|A. Beillet,"French, Paris 1817–1878 Paris|French, active 19th century", | ,"Daubigny, Charles-François|Beillet, A.",French|French,1817      |0019      ,1878      |0019      ,1850,1850,1850,Etching; second state of three (Delteil),Plate: 7 1/16 × 5 5/8 in. (18 × 14.3 cm),"Gift of Theodore De Witt, 1917",Prints,http://www.metmuseum.org/art/collection/search/336857,"Metropolitan Museum of Art, New York, NY",Satyrs|Trees,http://vocab.getty.edu/page/aat/300379732|http://vocab.getty.edu/page/aat/300132410,https://www.wikidata.org/wiki/Q163709|https://www.wikidata.org/wiki/Q10884,https://images.metmuseum.org/CRDImages/dp/original/DP822219.jpg
61.663.69,False,False,True,412291,Drawings and Prints,1961.0,Print,Edward the Martyr,2051831051696895,Subject|Artist|Publisher, | | ,"Edward the Martyr, King of England|Andrea Casali|John Boydell","British, ca. 962–978 Corfe Castle, Dorset|Italian, 1705–1784|British, Dorrington, Shropshire 1720–1804 London", | | ,"Edward the Martyr King of England|Casali, Andrea|Boydell, John",British|Italian|British,0957      |1705      |1720      ,0978      |1784      |1804      ,1773,1773,1773,Etching,Sheet: 18 x 12 15/16 in. (45.7 x 32.9 cm),"Gift of Harry G. Friedman, 1961",Prints,http://www.metmuseum.org/art/collection/search/412291,"Metropolitan Museum of Art, New York, NY",,,,https://images.metmuseum.org/CRDImages/dp/original/DP883177.jpg
"Burdick 218, N224.207",False,False,True,724791,Drawings and Prints,1963.0,Print,"Private, Hawkins Zouaves, 9th Regiment, New York Vet., from the Military Series (N224) issued by Kinney Tobacco Company to promote Sweet Caporal Cigarettes",17537,Publisher,Issued by,Kinney Brothers Tobacco Company, , ,Kinney Brothers Tobacco Company,American,1869      ,2011      ,1888,1888,1888,Commercial color lithograph,Sheet: 2 3/4 × 1 1/2 in. (7 × 3.8 cm),"The Jefferson R. Burdick Collection, Gift of Jefferson R. Burdick",Prints|Ephemera,http://www.metmuseum.org/art/collection/search/724791,"Metropolitan Museum of Art, New York, NY",Firearms|Profiles,http://vocab.getty.edu/page/aat/300037148|http://vocab.getty.edu/page/aat/300123319,https://www.wikidata.org/wiki/Q12796|https://www.wikidata.org/wiki/Q4382010,https://images.metmuseum.org/CRDImages/dp/original/DPB872580.jpg
28.40.4,False,False,True,334919,Drawings and Prints,1928.0,Drawing,White Hollyhocks,6987,Artist, ,Antoine Berjon,"French, Lyon 1754–1843 Lyon", ,"Berjon, Antoine",French,1754      ,1843      ,n.d.,1770,1843,"Black, white, yellow and orange chalk
",11 1/4 x 9in. (28.5 x 22.9cm),"Harris Brisbane Dick Fund, 1928",Drawings,http://www.metmuseum.org/art/collection/search/334919,"Metropolitan Museum of Art, New York, NY",Flowers,http://vocab.getty.edu/page/aat/300132399,https://www.wikidata.org/wiki/Q506,https://images.metmuseum.org/CRDImages/dp/original/DP805166.jpg
19.52.52,False,False,True,666021,Drawings and Prints,1919.0,Print,"Pilate Washing his Hands, from Speculum passionis domini nostri Ihesu Christi",1623911638028887,Artist|Author|Publisher," | |Published for Ulrich Pinder, by",Hans Schäufelein|Ulrich Pinder|Friedrich Peypus,"German, Nuremberg ca. 1480–ca. 1540 Nördlingen|German, active 1493–before 1519|Geman", | | ,"Schäufelein, Hans|Pinder Ulrich|Peypus, Friedrich",German|German|German,1480      |1493      |          ,1540      |1519      |          ,1507,1507,1507,Woodcut,Sheet: 9 3/8 × 6 3/8 in. (23.8 × 16.2 cm),"Gift of Junius S. Morgan, 1919",Prints,http://www.metmuseum.org/art/collection/search/666021,"Metropolitan Museum of Art, New York, NY",Men|Washing|Pilate|Christ,http://vocab.getty.edu/page/aat/300025928|http://vocab.getty.edu/page/aat/300053042|http://vocab.getty.edu/page/ulan/500357217|http://vocab.getty.edu/page/ia/901000087,https://www.wikidata.org/wiki/Q8441|https://www.wikidata.org/wiki/Q23841|https://www.wikidata.org/wiki/Q17131|https://www.wikidata.org/wiki/Q642420,https://images.metmuseum.org/CRDImages/dp/original/DP849008.jpg
50.605.50,False,False,True,340299,Drawings and Prints,1950.0,Drawing,"Design for an Altar: Virgin and Child Flanked by Saints, Two Angels in the Left and Right Foreground",7126,Artist, ,"Anonymous, Italian, 17th or 18th century", , ,"Anonymous, Italian, 17th or 18th century",Italian,1600      ,1799      ,1600–1800,1600,1800,"Pen and brown ink, brush and brown wash, over lead or graphite, on cream laid paper. Framing lines in brown ink",8-1/2 x 6-1/8 in.  (21.6 x 15.5 cm),"The Elisha Whittelsey Collection, The Elisha Whittelsey Fund, 1950",Drawings,http://www.metmuseum.org/art/collection/search/340299,"Metropolitan Museum of Art, New York, NY",Angels|Madonna and Child|Saints,http://vocab.getty.edu/page/aat/300379004|http://vocab.getty.edu/page/ia/901000052|http://vocab.getty.edu/page/aat/300150555,https://www.wikidata.org/wiki/Q235113|https://www.wikidata.org/wiki/Q9309699|https://www.wikidata.org/wiki/Q43115,https://images.metmuseum.org/CRDImages/dp/original/DP803156.jpg
59.208.99,False,False,True,339927,Drawings and Prints,1959.0,Drawing,"Allegories of America, Asia, and Europe",7390,Artist, ,"Anonymous, French, 18th century", , ,"Anonymous, French, 18th century",French,1700      ,1800      ,18th century,1700,1799,Brush and brown wash on paper,7 3/8 x 6 3/16 in.  (18.7 x 15.7 cm),"Gift of the Estate of James Hazen Hyde, 1959",Drawings,http://www.metmuseum.org/art/collection/search/339927,"Metropolitan Museum of Art, New York, NY",Animals|Children,http://vocab.getty.edu/page/aat/300249525|http://vocab.getty.edu/page/aat/300025945,https://www.wikidata.org/wiki/Q729|https://www.wikidata.org/wiki/Q7569,https://images.metmuseum.org/CRDImages/dp/original/DP808763.jpg
63.350.216.197.1,False,False,True,714374,Drawings and Prints,1963.0,Print,"Four in Hand, from the Sports and Art Subjects series (N197) issued by Wm. S. Kimball & Co.",19138,Publisher, ,William S. Kimball & Company, , ,William S. Kimball & Company, ,          ,          ,ca. 1889,1886,1893,Commercial color lithograph,Sheet: 3 in. × 3 3/8 in. (7.6 × 8.5 cm),"The Jefferson R. Burdick Collection, Gift of Jefferson R. Burdick",Prints|Ephemera,http://www.metmuseum.org/art/collection/search/714374,"Metropolitan Museum of Art, New York, NY",Horses|Spectators,http://vocab.getty.edu/page/aat/300250148|http://vocab.getty.edu/page/aat/300189768,https://www.wikidata.org/wiki/Q726|https://www.wikidata.org/wiki/Q63443976,https://images.metmuseum.org/CRDImages/dp/original/DPB871247.jpg
59.23.21,False,False,True,341553,Drawings and Prints,1959.0,Drawing,Mrs. Robinson as Perdita,10752810355216487,Artist|Sitter|Subject, | | ,"Richard Cosway|Mary ""Perdita"" Robinson|William Shakespeare","British, Oakford, Devon 1742–1821 London|British, 1758–1800|British, Stratford-upon-Avon 1564–1616 Stratford-upon-Avon", | | ,"Cosway, Richard|Robinson, Mary|Shakespeare, William",British|British|British,1742      |1758      |1564      ,1821      |1800      |1616      ,ca. 1779,1774,1784,"Graphite, blue chalk, and watercolor, with touches of  gouache (bodycolor)",oval sheet: 7 13/16 x 6 in. (19.9 x 15.3 cm),"Bequest of Alexandrine Sinsheimer, 1958",Drawings,http://www.metmuseum.org/art/collection/search/341553,"Metropolitan Museum of Art, New York, NY",Women|Dogs|Actresses|Shakespeare,http://vocab.getty.edu/page/aat/300025943|http://vocab.getty.edu/page/aat/300265714|http://vocab.getty.edu/page/aat/300025658|http://vocab.getty.edu/page/ulan/500272240,https://www.wikidata.org/wiki/Q467|https://www.wikidata.org/wiki/Q144|https://www.wikidata.org/wiki/Q21169216|https://www.wikidata.org/wiki/Q692,https://images.metmuseum.org/CRDImages/dp/original/DP800976.jpg
53.600.1476,False,False,True,811938,Drawings and Prints,1953.0,Print,Eighth View of Italy,9032516481516263,Engraver|Publisher|Artist, | |After,Isidore Stanislas Henri Helman|Jacques Philippe Le Bas|Joseph Vernet,"French, Lille 1743–?1806/9 Paris|French, Paris 1707–1783 Paris|French, Avignon 1714–1789 Paris", | | ,"Helman, Isidore Stanislas Henri|Le Bas, Jacques Philippe|Vernet, Joseph",French|French|French,1743      |1707      |1714      ,1809      |1783      |1789      ,ca. 1770,1765,1775,Engraving,Sheet (Trimmed): 13 7/16 × 17 3/16 in. (34.2 × 43.7 cm),"Harris Brisbane Dick Fund, 1953",Prints,http://www.metmuseum.org/art/collection/search/811938,"Metropolitan Museum of Art, New York, NY",,,,https://images.metmuseum.org/CRDImages/dp/original/DP882326.jpg
26.28.367,False,False,True,820842,Drawings and Prints,1926.0,"Print, Trade Card","Trade Card for D. Rymer, Book & Print Seller",10463,Artist, ,"Anonymous, British, 18th century", , ,"Anonymous, British, 18th century",British,1700      ,1800      ,18th century,1700,1800,Engraving,Sheet: 2 15/16 × 3 7/8 in. (7.4 × 9.8 cm),"Gift of Bella C. Landauer, 1926",Prints|Ephemera,http://www.metmuseum.org/art/collection/search/820842,"Metropolitan Museum of Art, New York, NY",,,,https://images.metmuseum.org/CRDImages/dp/original/DP885241.jpg
63.350.208.145.6.84,False,False,True,647971,Drawings and Prints,1963.0,Photograph,"Card Number 15, Miss Southerland, from the Actors and Actresses series (N145-6) issued by Duke Sons & Co. to promote Duke Cigarettes",10567,Publisher,Issued by,"W. Duke, Sons & Co.","New York and Durham, N.C.", ,"Duke, W. Sons & Co.",American,1870      ,1920      ,1880s,1880,1889,Albumen photograph,Sheet: 2 11/16 × 1 3/8 in. (6.8 × 3.5 cm),"The Jefferson R. Burdick Collection, Gift of Jefferson R. Burdick",Photographs|Ephemera,http://www.metmuseum.org/art/collection/search/647971,"Metropolitan Museum of Art, New York, NY",Women|Actresses,http://vocab.getty.edu/page/aat/300025943|http://vocab.getty.edu/page/aat/300025658,https://www.wikidata.org/wiki/Q467|https://www.wikidata.org/wiki/Q21169216,https://images.metmuseum.org/CRDImages/dp/original/DP840317.jpg
51.501.5017,False,False,True,666266,Drawings and Prints,1951.0,Print,"The Virgin holding the infant Christ, a circular composition, after Reni",1623018562,Artist|Artist,After| ,"Guido Reni|Anonymous, 17th century","Italian, Bologna 1575–1642 Bologna| ", | ,"Reni, Guido|Anonymous, 17th century",Italian| ,1575      |1600      ,1642      |1700      ,ca. 1600–40,1595,1645,Etching,Sheet (Trimmed): 7 3/8 × 6 5/8 in. (18.8 × 16.9 cm),"The Elisha Whittelsey Collection, The Elisha Whittelsey Fund, 1951",Prints,http://www.metmuseum.org/art/collection/search/666266,"Metropolitan Museum of Art, New York, NY",Madonna and Child,http://vocab.getty.edu/page/ia/901000052,https://www.wikidata.org/wiki/Q9309699,https://images.metmuseum.org/CRDImages/dp/original/DP838603.jpg
2012.136.124.4,False,False,True,397304,Drawings and Prints,2012.0,Print,"Summer (Estate), represented as a robed woman bearing a horn of plenty, a spandrel-shaped composition from the series 'The Four Seasons'",7024416278,Artist|Artist, |After,Cherubino Alberti (Zaccaria Mattia)|Taddeo Zuccaro,"Italian, Borgo Sansepolcro 1553–1615 Rome|Italian, Sant'Angelo in Vado 1529–1566 Rome", | ,"Alberti, Cherubino (Zaccaria Mattia)|Zuccaro, Taddeo",Italian|Italian,1553      |1529      ,1615      |1566      ,ca. 1570–1615,1570,1615,Engraving,sheet: 9 3/4 x 6 5/16 in. (24.7 x 16 cm),"Bequest of Phyllis Massar, 2011",Prints,http://www.metmuseum.org/art/collection/search/397304,"Metropolitan Museum of Art, New York, NY",Women,http://vocab.getty.edu/page/aat/300025943,https://www.wikidata.org/wiki/Q467,https://images.metmuseum.org/CRDImages/dp/original/DP832097.jpg
66.551.17,False,False,True,392376,Drawings and Prints,1966.0,Drawing,Design for a Firescreen (?),7391,Artist, ,"Anonymous, French, 19th century", , ,"Anonymous, French, 19th century",French,1800      ,1900      ,19th century,1800,1899,Watercolor,sheet: 7 9/16 x 12 3/8 in. (19.2 x 31.4 cm),"The Elisha Whittelsey Collection, The Elisha Whittelsey Fund, 1966",Drawings,http://www.metmuseum.org/art/collection/search/392376,"Metropolitan Museum of Art, New York, NY",Screens,http://vocab.getty.edu/page/aat/300037737,https://www.wikidata.org/wiki/Q1144689,https://images.metmuseum.org/CRDImages/dp/original/DP812709.jpg
63.350.215.172.1252,False,False,True,403415,Drawings and Prints,1963.0,"Baseball card, photograph","Albert C. ""Al"" Buckenberger, Manager, Cleveland, from the Old Judge series (N172) for Old Judge Cigarettes",16328,Publisher,Issued by,Goodwin & Company, , ,Goodwin & Company, ,1850      ,1950      ,1889,1889,1889,Albumen photograph,sheet: 2 11/16 x 1 3/8 in. (6.9 x 3.5 cm),"The Jefferson R. Burdick Collection, Gift of Jefferson R. Burdick",Photographs|Ephemera,http://www.metmuseum.org/art/collection/search/403415,"Metropolitan Museum of Art, New York, NY",Men|Portraits|Baseball|Athletes,http://vocab.getty.edu/page/aat/300025928|http://vocab.getty.edu/page/aat/300015637|http://vocab.getty.edu/page/aat/300222760|http://vocab.getty.edu/page/aat/300236025,https://www.wikidata.org/wiki/Q8441|https://www.wikidata.org/wiki/Q134307|https://www.wikidata.org/wiki/Q5369|https://www.wikidata.org/wiki/Q2066131,https://images.metmuseum.org/CRDImages/dp/original/DP845789.jpg
56.500.78,False,False,True,418377,Drawings and Prints,1956.0,print ornament & architecture,Frieze with a Horned Male Figure at Center with Two Tendrils Held at Either End by Winged Female Figures,16280,Artist, ,Sebald Beham,"German, Nuremberg 1500–1550 Frankfurt", ,"Beham, Sebald",German,1500      ,1550      ,1500–1550,1500,1550,Engraving,Sheet: 5/8 x 5 1/4 in. (1.6 x 13.3 cm),"The Elisha Whittelsey Collection, The Elisha Whittelsey Fund, 1956",Prints,http://www.metmuseum.org/art/collection/search/418377,"Metropolitan Museum of Art, New York, NY",Ornament,http://vocab.getty.edu/page/aat/300164595,https://www.wikidata.org/wiki/Q335261,https://images.metmuseum.org/CRDImages/dp/original/DP837014.jpg
63.350.215.171.298,False,False,True,405536,Drawings and Prints,1963.0,Photograph,"Lydia Yeamana, from the Actors and Actresses series (N171) for Old Judge Cigarettes",16328,Publisher,Issued by,Goodwin & Company, , ,Goodwin & Company, ,1850      ,1950      ,1886–90,1886,1890,Albumen photograph,sheet: 2 11/16 x 1 3/8 in. (6.9 x 3.5 cm),"The Jefferson R. Burdick Collection, Gift of Jefferson R. Burdick",Photographs|Ephemera,http://www.metmuseum.org/art/collection/search/405536,"Metropolitan Museum of Art, New York, NY",Portraits|Women|Actresses,http://vocab.getty.edu/page/aat/300015637|http://vocab.getty.edu/page/aat/300025943|http://vocab.getty.edu/page/aat/300025658,https://www.wikidata.org/wiki/Q134307|https://www.wikidata.org/wiki/Q467|https://www.wikidata.org/wiki/Q21169216,https://images.metmuseum.org/CRDImages/dp/original/DP846848.jpg
87.12.150,False,False,True,340188,Drawings and Prints,1887.0,Drawing,Christ and the Children,7119,Artist, ,"Anonymous, Italian, Roman-Bolognese, 17th century", , ,"Anonymous, Italian, Roman-Bolognese, 17th century",Italian,1600      ,1700      ,17th century,1600,1700,"Black chalk, highlighted with white gouache on brown paper",7-13/16 x 10-13/16 in.  (19.9 x 27.5 cm),"Gift of Cephas G. Thompson, 1887",Drawings,http://www.metmuseum.org/art/collection/search/340188,"Metropolitan Museum of Art, New York, NY",Christ|Children|Men|Women,http://vocab.getty.edu/page/ia/901000087|http://vocab.getty.edu/page/aat/300025945|http://vocab.getty.edu/page/aat/300025928|http://vocab.getty.edu/page/aat/300025943,https://www.wikidata.org/wiki/Q642420|https://www.wikidata.org/wiki/Q7569|https://www.wikidata.org/wiki/Q8441|https://www.wikidata.org/wiki/Q467,https://images.metmuseum.org/CRDImages/dp/original/DP803769.jpg
29.71(26),False,False,True,665919,Drawings and Prints,1929.0,Books Prints Ornament & Architecture,"Ein new Modelbuch..., page 13 (verso)",8945,Publisher, ,Johann Schönsperger the Younger,"German, active 1510–30", ,"Schönsperger, Johann the Younger",German,1490      ,1550      ,"October 22, 1524",1524,1524,Woodcut,7 5/16 x 5 3/8 in. (18.5 x 13.6 cm),"Gift of  Herbert N. Straus, 1929",Books|Prints|Ornament & Architecture,http://www.metmuseum.org/art/collection/search/665919,"Metropolitan Museum of Art, New York, NY",Acanthus,http://vocab.getty.edu/page/aat/300164902,https://www.wikidata.org/wiki/Q415908,https://images.metmuseum.org/CRDImages/dp/original/DP363392.jpg
50.580.9,False,False,True,693061,Drawings and Prints,1950.0,Print,"The highly ornamented first gondola of Francesco Antonio Berka entering Venice, Gods on clouds in the sky",7607518600,Artist|Artist, |After,Johann Georg Wolfgang|Liberal Benaglia,"German|Italian, active 1700", | ,"Wolfgang, Johann Georg|Benaglia, Liberal",German|Italian,          |1700      ,          |          ,1700,1700,1700,Hand coloured engraving  and etching,Sheet: 15 3/8 × 27 3/16 in. (39 × 69 cm),"Gift of Mrs. Paul Moore, 1950",Prints,http://www.metmuseum.org/art/collection/search/693061,"Metropolitan Museum of Art, New York, NY",Coat of Arms|Boats|Birds|Putti,http://vocab.getty.edu/page/aat/300126352|http://vocab.getty.edu/page/aat/300178749|http://vocab.getty.edu/page/aat/300266506|http://vocab.getty.edu/page/aat/300250465,https://www.wikidata.org/wiki/Q14659|https://www.wikidata.org/wiki/Q35872|https://www.wikidata.org/wiki/Q5113|https://www.wikidata.org/wiki/Q284865,https://images.metmuseum.org/CRDImages/dp/original/DP853774.jpg
59.533.719,False,False,True,740513,Drawings and Prints,1959.0,Print,Symptoms of Sanctity,1650958652,Artist|Publisher, | ,Thomas Rowlandson|S. W. Fores,"British, London 1757–1827 London|London", | ,"Rowlandson, Thomas|Fores, S. W.",British|British,1757      |1761      ,1827      |1999      ,"February 28, 1800",1800,1800,Etching,Sheet (trimmed): 12 5/16 × 10 1/2 in. (31.3 × 26.6 cm),"The Elisha Whittelsey Collection, The Elisha Whittelsey Fund, 1959",Prints,http://www.metmuseum.org/art/collection/search/740513,"Metropolitan Museum of Art, New York, NY",Men|Women,http://vocab.getty.edu/page/aat/300025928|http://vocab.getty.edu/page/aat/300025943,https://www.wikidata.org/wiki/Q8441|https://www.wikidata.org/wiki/Q467,https://images.metmuseum.org/CRDImages/dp/original/DP872968.jpg
49.108.2(46),False,False,True,412596,Drawings and Prints,1949.0,Print; Ornament & Architecture,"Chinoiserie with a woman playing a gong, from Suite de Figures Chinoises. . .Tiré du Cabinet de Mr. d'Azaincourt (Series of Chinoiserie Figures. . .From the Chambers of Mr. d'Azaincourt), plate 6",1638691617037213,Publisher|Artist|Artist, |After| ,Gilles Demarteau|François Boucher|Jean Pierre Louis Laurent Hoüel,"French, Liège 1722–1776 Paris|French, Paris 1703–1770 Paris|French, Rouen 1735–1813 Paris", | | ,"Demarteau, Gilles|Boucher, François|Houel, Jean Pierre Louis Laurent",French|French|French,1722      |1703      |1735      ,1776      |1770      |1813      ,1755–76,1755,1776,Etching and engraving,"Plate: 8 7/8 × 6 7/8 in. (22.5 × 17.4 cm)
Sheet: 13 11/16 × 10 1/4 in. (34.8 × 26 cm)","The Elisha Whittelsey Collection, The Elisha Whittelsey Fund, 1949",Prints|Ornament & Architecture,http://www.metmuseum.org/art/collection/search/412596,"Metropolitan Museum of Art, New York, NY",Musical Instruments|Women|Chinoiserie,http://vocab.getty.edu/page/aat/300041620|http://vocab.getty.edu/page/aat/300025943|http://vocab.getty.edu/page/aat/300021167,https://www.wikidata.org/wiki/Q34379|https://www.wikidata.org/wiki/Q467|https://www.wikidata.org/wiki/Q863679,https://images.metmuseum.org/CRDImages/dp/original/DP879779.jpg
19.73.97,False,False,True,373906,Drawings and Prints,1919.0,Print,The Turkish Family,16185,Artist, ,Albrecht Dürer,"German, Nuremberg 1471–1528 Nuremberg", ,"Dürer, Albrecht",German,1471      ,1528      ,ca. 1496,1491,1501,Engraving,sheet: 4 x 2 7/8 in. (10.2 x 7.3 cm). Trimmed to platemark.,"Fletcher Fund, 1919",Prints,http://www.metmuseum.org/art/collection/search/373906,"Metropolitan Museum of Art, New York, NY",Bow and Arrow|Infants|Men|Women|Family, |http://vocab.getty.edu/page/aat/300189561|http://vocab.getty.edu/page/aat/300025928|http://vocab.getty.edu/page/aat/300025943|http://vocab.getty.edu/page/aat/300435378,https://www.wikidata.org/wiki/Q19827042|https://www.wikidata.org/wiki/Q998|https://www.wikidata.org/wiki/Q8441|https://www.wikidata.org/wiki/Q467|https://www.wikidata.org/wiki/Q8436,https://images.metmuseum.org/CRDImages/dp/original/DP815373.jpg
48.81,False,False,True,347175,Drawings and Prints,1948.0,Book,Le Imagini de i Dei de gli Antichi,78816788177708816487,Author|Etcher|Publisher|Designer,Written by|Etched by|Published by|Design of illustrations attributed to,"Vincenzo Cartari|Bolognino Zaltieri|Vincenzo Valgrisi|Giuseppe Salviati (Giuseppe Porta, called Il Salviati)","Italian, born ca. 1500|Italian, active Venice, 1555–76| |Italian, Castelnuovo di Garfagnana ca. 1520–ca. 1575 Venice"," | |, Venice| ","Cartari, Vincenzo|Zaltieri, Bolognino|Valgrisi, Vincenzo|Salviati, Giuseppe (Giuseppe Porta, called Il Salviati)",Italian|Italian|Italian|Italian,1500      |1555      |          |1515      ,1500      |1576      |          |1580      ,1571,1571,1571,Etchings,Overall: 8 11/16 x 6 5/16 in. (22 x 16 cm),"Harris Brisbane Dick Fund, 1948",Books,http://www.metmuseum.org/art/collection/search/347175,"Metropolitan Museum of Art, New York, NY",Female Nudes|Putti|Seahorses,http://vocab.getty.edu/page/aat/300189568|http://vocab.getty.edu/page/aat/300250465|http://vocab.getty.edu/page/aat/300261242,https://www.wikidata.org/wiki/Q40446|https://www.wikidata.org/wiki/Q284865|https://www.wikidata.org/wiki/Q11709836,https://images.metmuseum.org/CRDImages/dp/original/DP160830.jpg
57.650.288,False,False,True,756613,Drawings and Prints,1957.0,Print,"Poor old chap!, from 'News of the day,' published in Le Charivari, January 26, 1869",1769687578416180,Publisher|Printer|Artist, | | ,Arnaud de Vresse|Destouches|Honoré Daumier," |Paris|French, Marseilles 1808–1879 Valmondois", | | ,"de Vresse, Arnaud|Destouches|Daumier, Honoré",French|French|French,1856      |1800      |1808      ,1870      |1900      |1879      ,"January 26, 1869",1869,1869,Lithograph on newsprint; third state of three (Delteil),"Image: 9 7/16 × 8 1/8 in. (24 × 20.6 cm)
Sheet: 11 1/2 × 9 3/16 in. (29.2 × 23.3 cm)","Bequest of Edwin De T. Bechtel, 1957",Prints,http://www.metmuseum.org/art/collection/search/756613,"Metropolitan Museum of Art, New York, NY",Men|Women,http://vocab.getty.edu/page/aat/300025928|http://vocab.getty.edu/page/aat/300025943,https://www.wikidata.org/wiki/Q8441|https://www.wikidata.org/wiki/Q467,https://images.metmuseum.org/CRDImages/dp/original/DP877760.jpg
2010.98,False,False,True,394926,Drawings and Prints,2010.0,Drawing,Design for a monument; verso: Architectural sketches,1028049894110343,Artist|Former Attribution|Former Attribution, |Formerly attributed to|Formerly attributed to,"Pieter Verbruggen the Younger|Anonymous, Flemish, 17th century|Michiel van der Voort","Flemish, Antwerp 1648–1691 Antwerp| |Flemish, 1667–1737", | |(?),"Verbruggen, Pieter the Younger|Anonymous, Flemish, 17th century|Voort, Michiel van der",Flemish|Flemish|Flemish,1648      |1600      |1667      ,1691      |1700      |1737      ,late 17th–early 18th century,1686,1724,"Pen and brown ink, brown wash, over black chalk or graphite; verso: black chalk or graphite, locally strengthened with pen and brown ink",sheet: 6 7/16 x 6 7/16 in. (16.4 x 16.3 cm),"Purchase, Charles and Jessie Price Gift, 2010",Drawings,http://www.metmuseum.org/art/collection/search/394926,"Metropolitan Museum of Art, New York, NY",Animals|Birds,http://vocab.getty.edu/page/aat/300249525|http://vocab.getty.edu/page/aat/300266506,https://www.wikidata.org/wiki/Q729|https://www.wikidata.org/wiki/Q5113,https://images.metmuseum.org/CRDImages/dp/original/DP808648.jpg
63.350.206.125.12,False,False,True,712381,Drawings and Prints,1963.0,Print,"Puzzle Card Number 13, The Domino Trick Puzzle, from the Jokes series (N118) issued by Duke Sons & Co. to promote Honest Long Cut Tobacco",1056709502,Publisher|Lithographer,Issued by| ,"W. Duke, Sons & Co.|Armstrong & Co.","New York and Durham, N.C.|Boston, Massachusetts", | ,"Duke, W. Sons & Co.|Armstrong & Co.",American|American,1870      |1800      ,1920      |1900      ,ca. 1890,1887,1891,Commercial color lithograph,Sheet: 4 1/4 × 2 1/2 in. (10.8 × 6.3 cm),"The Jefferson R. Burdick Collection, Gift of Jefferson R. Burdick",Prints|Ephemera,http://www.metmuseum.org/art/collection/search/712381,"Metropolitan Museum of Art, New York, NY",Games,http://vocab.getty.edu/page/aat/300069657,https://www.wikidata.org/wiki/Q11410,https://images.metmuseum.org/CRDImages/dp/original/DPB873758.jpg
60.678.77,False,False,True,736050,Drawings and Prints,1960.0,Print,A woman holding a pan and ladle with other women and cooking supplies in the background,8621519233,Artist|Printer, | ,José Guadalupe Posada|José Sanchez,"Mexican, 1851–1913|Mexican, active ca. 1900–1910", | ,"Posada, José Guadalupe|Sanchez, José",Mexican|Mexican,1851      |1895      ,1913      |1910      ,ca. 1880–1910,1875,1885,Zincograph,"Sheet: 7 1/16 × 5 1/8 in. (18 × 13 cm)
Image: 6 3/16 × 4 1/8 in. (15.7 × 10.5 cm)","Gift of Roberto Berdecio, 1960",Prints,http://www.metmuseum.org/art/collection/search/736050,"Metropolitan Museum of Art, New York, NY",Women,http://vocab.getty.edu/page/aat/300025943,https://www.wikidata.org/wiki/Q467,https://images.metmuseum.org/CRDImages/dp/original/DP869486.jpg
63.350.203.45.825,False,False,True,415237,Drawings and Prints,1963.0,Photograph,"From the Actors and Actresses series (N45, Type 4) for Virginia Brights Cigarettes",16158,Publisher,Issued by,Allen & Ginter,"American, Richmond, Virginia", ,Allen & Ginter,American,          ,          ,ca. 1888,1885,1891,Albumen photograph,Sheet: 2 3/4 x 1 3/8 in. (7 x 3.5 cm),"The Jefferson R. Burdick Collection, Gift of Jefferson R. Burdick",Photographs|Ephemera,http://www.metmuseum.org/art/collection/search/415237,"Metropolitan Museum of Art, New York, NY",Portraits|Women|Actresses,http://vocab.getty.edu/page/aat/300015637|http://vocab.getty.edu/page/aat/300025943|http://vocab.getty.edu/page/aat/300025658,https://www.wikidata.org/wiki/Q134307|https://www.wikidata.org/wiki/Q467|https://www.wikidata.org/wiki/Q21169216,https://images.metmuseum.org/CRDImages/dp/original/DP830597.jpg
57.650.382(2),False,False,True,416923,Drawings and Prints,1957.0,Print,"La Condamnation a Mort (The Condemnation to Death), from La Grande Passion (The Large Passion)",16173,Artist, ,Jacques Callot,"French, Nancy 1592–1635 Nancy", ,"Callot, Jacques",French,1592      ,1635      ,ca. 1619–24,1618,1630,Etching and engraving; first state of two (Lieure),Sheet: 4 1/2 x 8 5/8 in. (11.4 x 21.9 cm),"Bequest of Edwin De T. Bechtel, 1957",Prints,http://www.metmuseum.org/art/collection/search/416923,"Metropolitan Museum of Art, New York, NY",,,,https://images.metmuseum.org/CRDImages/dp/original/DP888352.jpg
63.350.203.45.1006,False,False,True,415990,Drawings and Prints,1963.0,Photograph,"Card 692, Marie Wilcox, from the Actors and Actresses series (N45, Type 2) for Virginia Brights Cigarettes",16158,Publisher,Issued by,Allen & Ginter,"American, Richmond, Virginia", ,Allen & Ginter,American,          ,          ,ca. 1888,1885,1891,Albumen photograph,Sheet: 2 3/4 x 1 3/8 in. (7 x 3.5 cm),"The Jefferson R. Burdick Collection, Gift of Jefferson R. Burdick",Photographs|Ephemera,http://www.metmuseum.org/art/collection/search/415990,"Metropolitan Museum of Art, New York, NY",Portraits|Women|Actresses,http://vocab.getty.edu/page/aat/300015637|http://vocab.getty.edu/page/aat/300025943|http://vocab.getty.edu/page/aat/300025658,https://www.wikidata.org/wiki/Q134307|https://www.wikidata.org/wiki/Q467|https://www.wikidata.org/wiki/Q21169216,https://images.metmuseum.org/CRDImages/dp/original/DP831015.jpg
63.350.201.26.7,False,False,True,409954,Drawings and Prints,1963.0,Print,"Marie Borroughs, from World's Beauties, Series 1 (N26) for Allen & Ginter Cigarettes",16158,Publisher, ,Allen & Ginter,"American, Richmond, Virginia", ,Allen & Ginter,American,          ,          ,1888,1888,1888,Commercial color lithograph,Sheet: 2 3/4 x 1 1/2 in. (7 x 3.8 cm),"The Jefferson R. Burdick Collection, Gift of Jefferson R. Burdick",Prints|Ephemera,http://www.metmuseum.org/art/collection/search/409954,"Metropolitan Museum of Art, New York, NY",Women,http://vocab.getty.edu/page/aat/300025943,https://www.wikidata.org/wiki/Q467,https://images.metmuseum.org/CRDImages/dp/original/DP838052.jpg
53.600.272,False,False,True,385164,Drawings and Prints,1953.0,Print,St. Genevieve,163859101429921637766,Artist|Dedicatee|Artist|Publisher,After|Dedicated to| |Published by,Laurent de La Hyre|François de La Rochefoucauld|Gilles Rousselet|Pierre Mariette le fils,"French, Paris 1606–1656 Paris|1558–1645|French, Paris 1614–1686 Paris|French, Paris 1634–1716 Paris", | | | ,"La Hyre, Laurent de|La Rochefoucauld, François de|Rousselet, Gilles|Mariette, Pierre le fils",French|French|French|French,1606      |1558      |1614      |1634      ,1656      |1645      |1686      |1716      ,n.d.,1625,1716,Engraving,sheet: 14 15/16 x 9 3/8 in. (38 x 23.8 cm),"Harris Brisbane Dick Fund, 1953",Prints,http://www.metmuseum.org/art/collection/search/385164,"Metropolitan Museum of Art, New York, NY",Women|Saints,http://vocab.getty.edu/page/aat/300025943|http://vocab.getty.edu/page/aat/300150555,https://www.wikidata.org/wiki/Q467|https://www.wikidata.org/wiki/Q43115,https://images.metmuseum.org/CRDImages/dp/original/DP817168.jpg
63.350.214.172.164,False,False,True,401232,Drawings and Prints,1963.0,"Baseball card, photograph","McGunnigle, Manager, Brooklyn Bridegrooms, from the Old Judge series (N172) for Old Judge Cigarettes",16328,Publisher,Issued by,Goodwin & Company, , ,Goodwin & Company, ,1850      ,1950      ,1888,1888,1888,Albumen photograph,sheet: 2 11/16 x 1 3/8 in. (6.9 x 3.5 cm),"The Jefferson R. Burdick Collection, Gift of Jefferson R. Burdick",Photographs|Ephemera,http://www.metmuseum.org/art/collection/search/401232,"Metropolitan Museum of Art, New York, NY",Men|Portraits,http://vocab.getty.edu/page/aat/300025928|http://vocab.getty.edu/page/aat/300015637,https://www.wikidata.org/wiki/Q8441|https://www.wikidata.org/wiki/Q134307,https://images.metmuseum.org/CRDImages/dp/original/DP824067.jpg
61.663.331,False,False,True,407862,Drawings and Prints,1961.0,Print,Banditti Taking His Post,7562,Artist,After,John Hamilton Mortimer,"British, Eastbourne 1740–1779 London", ,"Mortimer, John Hamilton",British,1740      ,1779      ,late 18th century,1780,1800,Etching,Sheet: 7 3/16 x 4 5/8 in. (18.2 x 11.8 cm),"Gift of Harry G. Friedman, 1961",Prints,http://www.metmuseum.org/art/collection/search/407862,"Metropolitan Museum of Art, New York, NY",Spears|Men,http://vocab.getty.edu/page/aat/300037038|http://vocab.getty.edu/page/aat/300025928,https://www.wikidata.org/wiki/Q44475|https://www.wikidata.org/wiki/Q8441,https://images.metmuseum.org/CRDImages/dp/original/DP828492.jpg
2014.599.6,False,False,True,716133,Drawings and Prints,2014.0,Print,"West Wickham Court in the County of Kent, from Edward Hasted's, The History and Topographical Survey of the County of Kent, vols. 1-3",10463,Artist, ,"Anonymous, British, 18th century", , ,"Anonymous, British, 18th century",British,1700      ,1800      ,1777–90,1777,1790,Etching and engraving,"Book: 17 5/16 × 11 × 13/16 in. (44 × 28 × 2 cm)
Sheet: 16 15/16 × 10 5/8 in. (43 × 27 cm)
Plate: 10 1/16 × 14 in. (25.5 × 35.5 cm)","Gift of Bonnie and Manuel Schonhorn, 2014",Books,http://www.metmuseum.org/art/collection/search/716133,"Metropolitan Museum of Art, New York, NY",Buildings|Coat of Arms,http://vocab.getty.edu/page/aat/300004789|http://vocab.getty.edu/page/aat/300126352,https://www.wikidata.org/wiki/Q41176|https://www.wikidata.org/wiki/Q14659,https://images.metmuseum.org/CRDImages/dp/original/DP-12696-043.jpg
54.90.1279,False,False,True,381276,Drawings and Prints,1954.0,Print,"Wm. L. McDonald, Manufacturers of Carriage Harness & Co. Repository, No. 26 Beekman & 18 Spruce Street, New York",7395,Publisher, ,Endicott & Co.,"New York, NY", ,Endicott & Co.,American,1852      ,1886      ,1852–86,1852,1886,Lithograph,sheet: 17 3/4 x 13 3/16 in. (45.1 x 33.5 cm),"The Edward W. C. Arnold Collection of New York Prints, Maps and Pictures, Bequest of Edward W. C. Arnold, 1954",Prints,http://www.metmuseum.org/art/collection/search/381276,"Metropolitan Museum of Art, New York, NY",,,,https://images.metmuseum.org/CRDImages/dp/original/DP880963.jpg
17.64.9,False,False,True,435311,Drawings and Prints,1917.0,Print,James The Less from the Martyrdom of the Twelve Apostles,16179,Artist, ,Lucas Cranach the Elder,"German, Kronach 1472–1553 Weimar", ,"Cranach, Lucas, the Elder",German,1472      ,1553      ,,1472,1553,Woodcut,Sheet: 6 5/16 × 4 15/16 in. (16 × 12.6 cm),"Rogers Fund, 1917",Prints,http://www.metmuseum.org/art/collection/search/435311,"Metropolitan Museum of Art, New York, NY",Suffering|Men|Apostles,http://vocab.getty.edu/page/aat/300055184|http://vocab.getty.edu/page/aat/300025928|http://vocab.getty.edu/page/aat/300343837,https://www.wikidata.org/wiki/Q5780945|https://www.wikidata.org/wiki/Q8441|https://www.wikidata.org/wiki/Q43412,https://images.metmuseum.org/CRDImages/dp/original/DP841877.jpg
63.350.246.181.17,False,False,True,631451,Drawings and Prints,1963.0,Print,"Hindoostan, from the Races of Mankind series (T181) issued by Abdul Cigarettes",17532,Publisher,Issued by,Abdul Cigarettes,American, ,Abdul Cigarettes,American,1881      ,1881      ,1881,1881,1881,Commercial color lithograph,Sheet: 2 3/8 × 1 3/8 in. (6 × 3.5 cm),"The Jefferson R. Burdick Collection, Gift of Jefferson R. Burdick",Prints|Ephemera,http://www.metmuseum.org/art/collection/search/631451,"Metropolitan Museum of Art, New York, NY",Men|Profiles,http://vocab.getty.edu/page/aat/300025928|http://vocab.getty.edu/page/aat/300123319,https://www.wikidata.org/wiki/Q8441|https://www.wikidata.org/wiki/Q4382010,https://images.metmuseum.org/CRDImages/dp/original/DP842694.jpg
32.92.1,False,False,True,360224,Drawings and Prints,1932.0,Print,Contest between Apollo and Marsyas,1619417391,Artist|Artist,After| ,"Giulio Romano|Anonymous, French, School of Fontainebleau, 16th century","Italian, Rome 1499?–1546 Mantua| ", | ,"Giulio Romano|Anonymous, French, School of Fontainebleau, 16th century",Italian|French,1499      |1500      ,1546      |1600      ,ca. 1543,1540,1560,Etching,sheet diameter: 12 13/16 in. (32.5 cm),"Harris Brisbane Dick Fund, 1932",Prints,http://www.metmuseum.org/art/collection/search/360224,"Metropolitan Museum of Art, New York, NY",Musical Instruments|Men|Apollo|Dogs|Bow and Arrow|Music|Trees,http://vocab.getty.edu/page/aat/300041620|http://vocab.getty.edu/page/aat/300025928|http://vocab.getty.edu/page/ia/901000109|http://vocab.getty.edu/page/aat/300265714| |http://vocab.getty.edu/page/aat/300435214|http://vocab.getty.edu/page/aat/300132410,https://www.wikidata.org/wiki/Q34379|https://www.wikidata.org/wiki/Q8441|https://www.wikidata.org/wiki/Q37340|https://www.wikidata.org/wiki/Q144|https://www.wikidata.org/wiki/Q19827042|https://www.wikidata.org/wiki/Q638|https://www.wikidata.org/wiki/Q10884,https://images.metmuseum.org/CRDImages/dp/original/DP835405.jpg
