Primary Image URL,Artist Role,Object Name,Tags AAT URL,Repository,Object ID,Tags Wikidata URL,Object Number,Classification,Medium,Artist Begin Date,Object Begin Date,Title,Object End Date,Department,Constituent ID,Artist Display Bio,Dimensions,Object Date,Artist End Date,Artist Nationality,Tags,Artist Display Name
https://images.metmuseum.org/CRDImages/dp/original/DP817981.jpg,Artist|Publisher,Print,http://vocab.getty.edu/page/aat/300008736|http://vocab.getty.edu/page/aat/300008795|http://vocab.getty.edu/page/aat/300132294|http://vocab.getty.edu/page/aat/300132410,"Metropolitan Museum of Art, New York, NY",377745,https://www.wikidata.org/wiki/Q34038|https://www.wikidata.org/wiki/Q8502|https://www.wikidata.org/wiki/Q191163|https://www.wikidata.org/wiki/Q10884,17.50.17-240,Prints,Etching; fourth state of nine (Talbierska),1610      |1580      ,1641,"A triple waterfall, a dead tree at right, a mountain and a herd of cows in the background at right, plate 7 from ""Roman landscapes and ruins"" (Paysages et ruines de Rome)",1651,Drawings and Prints,1636597766,"Italian, Florence 1610–1664 Florence|French, baptized Chartres, 1588–1647 Paris","Plate: 5 1/8 × 5 1/8 in. (13 × 13 cm)
Sheet: 5 1/4 × 5 5/16 in. (13.4 × 13.5 cm)",ca. 1646,1664      |1647      ,Italian|French,Waterfalls|Mountains|Landscapes|Trees,Stefano della Bella|François Langlois
https://images.metmuseum.org/CRDImages/dp/original/DP816982.jpg,Artist,Print,http://vocab.getty.edu/page/aat/300025928|http://vocab.getty.edu/page/aat/300265959,"Metropolitan Museum of Art, New York, NY",370575,https://www.wikidata.org/wiki/Q8441|https://www.wikidata.org/wiki/Q3537778,18.64(42),Prints,"Etching, burnished aquatint",1746      ,1799,"Plate 42 from ""Los Caprichos"": Thou who canst not (Tu que no puedes)",1799,Drawings and Prints,16195,"Spanish, Fuendetodos 1746–1828 Bordeaux","Plate: 8 7/16 × 5 15/16 in. (21.5 × 15.1 cm)
Sheet: 11 5/8 x 8 1/4 in. (29.5 x 20.9 cm)",1799,1828      ,Spanish,Men|Donkeys,Goya (Francisco de Goya y Lucientes)
https://images.metmuseum.org/CRDImages/dp/original/53.668.2.jpg,Artist,Drawing,http://vocab.getty.edu/page/aat/300417582|http://vocab.getty.edu/page/aat/300435128,"Metropolitan Museum of Art, New York, NY",357880,https://www.wikidata.org/wiki/Q11635|https://www.wikidata.org/wiki/Q55619117,53.668.2,Drawings,"Graphite, gouache, heightened with white",1813      ,1830,"Design for a Stage Set at the Opéra, Paris",1890,Drawings and Prints,6961,"French, Paris 1813–1890 Fontainebleau",sheet: 11 1/16 x 16 3/4 in. (28.1 x 42.5 cm),1830–90,1890      ,French,Theatre|Stage Design,Eugène Cicéri
https://images.metmuseum.org/CRDImages/dp/original/DP269710.jpg,Artist|Artist,Print,http://vocab.getty.edu/page/ia/901000166,"Metropolitan Museum of Art, New York, NY",632377,https://www.wikidata.org/wiki/Q4649,27.78.2(248),Prints,Engraving,1510      |1500      ,1530,"Jupiter, from Planets, plate 2",1570,Drawings and Prints,781209370,"Italian, active Rome and Bologna, 1531–after 1576|French, active Lyon, 1529–57","Sheet: 6 in. × 3 11/16 in. (15.3 × 9.4 cm)
Plate: 5 7/8 × 3 9/16 in. (15 × 9.1 cm)",1530–70,1576      |1600      ,Italian|French,Jupiter,Giulio Bonasone|Georges Reverdy
https://images.metmuseum.org/CRDImages/dp/original/DP839876.jpg,Publisher,Photograph,http://vocab.getty.edu/page/aat/300015637|http://vocab.getty.edu/page/aat/300025943|http://vocab.getty.edu/page/aat/300025658,"Metropolitan Museum of Art, New York, NY",646626,https://www.wikidata.org/wiki/Q134307|https://www.wikidata.org/wiki/Q467|https://www.wikidata.org/wiki/Q21169216,63.350.208.145.3.204,Photographs|Ephemera,Albumen photograph,1870      ,1880,"Card Number 620, Laura Wood, from the Actors and Actresses series (N145-3) issued by Duke Sons & Co. to promote Cross Cut Cigarettes",1889,Drawings and Prints,10567,"New York and Durham, N.C.",Sheet: 2 11/16 × 1 3/8 in. (6.8 × 3.5 cm),1880s,1920      ,American,Portraits|Women|Actresses,"W. Duke, Sons & Co."
https://images.metmuseum.org/CRDImages/dp/original/268524.jpg,Artist,Print,http://vocab.getty.edu/page/ia/901000042,"Metropolitan Museum of Art, New York, NY",357083,https://www.wikidata.org/wiki/Q122248,61.663.67,Prints,,1628      ,1640,Hercules after the antique,1671,Drawings and Prints,7002,"Dutch, Amsterdam 1628–1671 The Hague",sheet: 8 3/4 x 4 1/2 in. (22.2 x 11.4 cm),17th century,1671      ,Dutch,Hercules,Jan de Bisschop
https://images.metmuseum.org/CRDImages/dp/original/DP123327.jpg,Artist,Drawing,http://vocab.getty.edu/page/aat/300375054|http://vocab.getty.edu/page/aat/300025928,"Metropolitan Museum of Art, New York, NY",339157,https://www.wikidata.org/wiki/Q3409626|https://www.wikidata.org/wiki/Q8441,"2000.91.1a, b",Drawings,Charcoal with traces of white chalk highlights,1548      ,1548,Seated Male Figure with the Head of an Onlooker (recto); Standing Male Figure in a Monk's Habit (verso),1612,Drawings and Prints,16225,"Italian, San Marino di Valdelsa 1548–1612 Florence",sheet: 15 1/2 x 9 3/8 in. (39.4 x 23.8 cm),1548–1612,1612      ,Italian,Heads|Men,Bernardino Poccetti
https://images.metmuseum.org/CRDImages/dp/original/DP875547.jpg,Artist|Artist,Print,http://vocab.getty.edu/page/aat/300025928|http://vocab.getty.edu/page/aat/300025943,"Metropolitan Museum of Art, New York, NY",634352,https://www.wikidata.org/wiki/Q8441|https://www.wikidata.org/wiki/Q467,22.73.3-69,Prints,Chiaroscuro woodcut from four blocks printed in orange ink,1558      |1547      ,1585,"Virtue as a young woman in the centre of four figures representing love, error, ignorance and opinion",1585,Drawings and Prints,8568116207,"Italian, Mantua 1558/1559–1629|Italian, Verona 1547–1627 Florence",Sheet: 18 11/16 × 12 13/16 in. (47.5 × 32.6 cm),1585,1629      |1627      ,Italian|Italian,Men|Women,Andrea Andreani|Jacopo Ligozzi
https://images.metmuseum.org/CRDImages/dp/original/DP810671.jpg,Artist,Drawing,http://vocab.getty.edu/page/aat/300404114|http://vocab.getty.edu/page/aat/300263552,"Metropolitan Museum of Art, New York, NY",340788,https://www.wikidata.org/wiki/Q5937779|https://www.wikidata.org/wiki/Q12271,80.3.601,Drawings,Pen and brown ink,1475      ,1475,A Figure and Some Architectural Details.,1564,Drawings and Prints,16212,"Italian, Caprese 1475–1564 Rome",sheet: 7 5/16 x 8 1/8 in. (18.6 x 20.7 cm),1475–1564,1564      ,Italian,Human Figures|Architecture,Michelangelo Buonarroti
https://images.metmuseum.org/CRDImages/dp/original/DPB870683.jpg,Publisher,Print,http://vocab.getty.edu/page/aat/300025943|http://vocab.getty.edu/page/aat/300025653,"Metropolitan Museum of Art, New York, NY",715245,https://www.wikidata.org/wiki/Q467|https://www.wikidata.org/wiki/Q5716684,63.350.216.182.30,Prints|Ephemera,Commercial color lithograph,          ,1889,"Favette, from the Ballet Queens series (N182) issued by Wm. S. Kimball & Co.",1889,Drawings and Prints,19138, ,Sheet: 2 3/4 × 1 1/2 in. (7 × 3.8 cm),1889,          , ,Women|Dancers,William S. Kimball & Company
https://images.metmuseum.org/CRDImages/dp/original/DP269584.jpg,Artist,Print,http://vocab.getty.edu/page/aat/300189568|http://vocab.getty.edu/page/aat/300025943|http://vocab.getty.edu/page/aat/300189568,"Metropolitan Museum of Art, New York, NY",366537,https://www.wikidata.org/wiki/Q40446|https://www.wikidata.org/wiki/Q467|https://www.wikidata.org/wiki/Q40446,27.78.2(115),Prints,Etching,1500      ,1500,Woman Examining an Armillary Sphere,1599,Drawings and Prints,9118,"Italian, active 16th century",,16th century,1600      ,Italian,Male Nudes|Women|Female Nudes,Master F. P.
https://images.metmuseum.org/CRDImages/dp/original/DP357096.jpg,Publisher,Books Prints Ornament & Architecture,http://vocab.getty.edu/page/aat/300164595,"Metropolitan Museum of Art, New York, NY",681398,https://www.wikidata.org/wiki/Q335261,22.84.1(38v),Books|Prints|Ornament & Architecture,Woodcut,1500      ,1544,Page from Ein new kunstlich Modelbuch...(Page 38v),1544,Drawings and Prints,8539,"German, active Cologne, 1518–46",Overall: 7 11/16 x 5 7/8 in. (19.5 x 15 cm),1544,1550      ,German,Ornament,Peter Quentel
https://images.metmuseum.org/CRDImages/dp/original/DP815574.jpg,Artist,Print,http://vocab.getty.edu/page/aat/300025928,"Metropolitan Museum of Art, New York, NY",391185,https://www.wikidata.org/wiki/Q8441,59.534.48,Prints,Engraving,1471      ,1512,"Pilate Washing His Hands, from ""The Passion""",1512,Drawings and Prints,16185,"German, Nuremberg 1471–1528 Nuremberg",Sheet: 4 9/16 × 2 15/16 in. (11.6 × 7.4 cm),1512,1528      ,German,Men,Albrecht Dürer
https://images.metmuseum.org/CRDImages/dp/original/DP811315.jpg,Artist|Artist,Drawing,,"Metropolitan Museum of Art, New York, NY",384891,,67.827.221,Drawings,graphite and gouache on wove paper,1897      |1820      ,1830,Design for wallpaper featuring blue shields surmouted by crowns,1897,Drawings and Prints,751567515,"French, died 1897|French, Paris 1820–1889","Overall: 12 3/8 x 9 7/16 in. (31.4 x 24 cm)
image: 2 5/8 x 2 3/16 in. (6.7 x 5.5 cm)",1830–97,1897      |1889      ,French|French,,Jules-Edmond-Charles Lachaise|Eugène-Pierre Gourdet
https://images.metmuseum.org/CRDImages/dp/original/DP876268.jpg,Artist,Print,http://vocab.getty.edu/page/aat/300132294,"Metropolitan Museum of Art, New York, NY",382804,https://www.wikidata.org/wiki/Q191163,47.100.23,Prints,Etching; third or fourth state of four,1609      ,1620,A Horseman by a Fence,1690,Drawings and Prints,16269,"Dutch, Lille 1609–1690 Utrecht",sheet: 9 1/8 x 11 3/4 in. (23.1 x 29.8 cm),17th century,1690      ,Dutch,Landscapes,Anthonie Waterloo
https://images.metmuseum.org/CRDImages/dp/original/DP838211.jpg,Lithographer|Publisher,Print,http://vocab.getty.edu/page/aat/300025928|http://vocab.getty.edu/page/aat/300015637| |http://vocab.getty.edu/page/aat/300236025,"Metropolitan Museum of Art, New York, NY",410146,https://www.wikidata.org/wiki/Q8441|https://www.wikidata.org/wiki/Q134307|https://www.wikidata.org/wiki/Q7371749|https://www.wikidata.org/wiki/Q2066131,63.350.201.28.13,Prints|Ephemera,Commercial color lithograph,          |          ,1887,"E.A. Trickett, Oarsman, from World's Champions, Series 1 (N28) for Allen & Ginter Cigarettes",1887,Drawings and Prints,10477416158,"American, New York|American, Richmond, Virginia",Sheet: 2 3/4 x 1 1/2 in. (7 x 3.8 cm),1887,          |          ,American|American,Men|Portraits|Rowing|Athletes,"Lindner, Eddy & Claus|Allen & Ginter"
https://images.metmuseum.org/CRDImages/dp/original/DP364574.jpg,Author|Publisher,Books Prints Ornament & Architecture,http://vocab.getty.edu/page/aat/300164595,"Metropolitan Museum of Art, New York, NY",659111,https://www.wikidata.org/wiki/Q335261,35.75.3(11),Books|Prints|Ornament & Architecture,Woodcut,1465      |1522      ,1530,"Essempio di recammi, page 6 (recto)",1530,Drawings and Prints,1625088793,"Italian, Venice ca. 1465–1528 Venice|Italian, active Venice, ca. 1522–1545",Overall: 7 13/16 x 6 3/16 x 3/8 in. (19.8 x 15.7 x 1 cm),1530,1528      |1545      ,Italian|Italian,Ornament,Giovanni Antonio Tagliente|Giovanni Antonio di Nicolini da Sabio e i fratelli
https://images.metmuseum.org/CRDImages/dp/original/DP804646.jpg,Artist,Drawing ; Ornament and Architecture,http://vocab.getty.edu/page/aat/300037737,"Metropolitan Museum of Art, New York, NY",367276,https://www.wikidata.org/wiki/Q1144689,46.38.32,Drawings|Ornament & Architecture,Pen and brown ink over graphite,1841      ,1841,Design for a Screen,1884,Drawings and Prints,9156,"British, London 1841–1917 London",sheet: 10 7/16 x 7 1/8 in. (26.5 x 18.1 cm),1841–84,1917      ,British,Screens,Charles Hindley and Sons
https://images.metmuseum.org/CRDImages/dp/original/DP828190.jpg,Artist|Publisher,Print,http://vocab.getty.edu/page/aat/300025933|http://vocab.getty.edu/page/aat/300404114,"Metropolitan Museum of Art, New York, NY",362671,https://www.wikidata.org/wiki/Q1862087|https://www.wikidata.org/wiki/Q5937779,37.45.3(33),Prints,"Etching, engraving, sulphur tint or open bite, burnishing; first state of four (Robison)",1720      |1700      ,1744,"Prisoners on a Projecting Platform, from ""Carceri d'invenzione"" (Imaginary Prisons)",1755,Drawings and Prints,16225510521,"Italian, Mogliano Veneto 1720–1778 Rome|French, ca. 1716–1795","Sheet: 19 1/2 x 25 3/16 in. (49.5 x 64 cm)
Plate: 16 1/8 x 21 1/4 in. (41 x 54 cm)",ca. 1749–50,1778      |1795      ,Italian|Italian,Prisoners|Human Figures,Giovanni Battista Piranesi|Giovanni Bouchard
https://images.metmuseum.org/CRDImages/dp/original/DP823445.jpg,Artist,Print,http://vocab.getty.edu/page/ia/901001175|http://vocab.getty.edu/page/ia/901000953|http://vocab.getty.edu/page/aat/300379004|http://vocab.getty.edu/page/ia/901000087|http://vocab.getty.edu/page/ia/901000032,"Metropolitan Museum of Art, New York, NY",396469,https://www.wikidata.org/wiki/Q618057|https://www.wikidata.org/wiki/Q128267|https://www.wikidata.org/wiki/Q235113|https://www.wikidata.org/wiki/Q642420|https://www.wikidata.org/wiki/Q345,26.70.3(174),Prints,Etching with plate tone,1510      ,1550,"The Holy Family, an angel holding flowers approaching from the right",1553,Drawings and Prints,16239,"Italian, Zadar (Zara) ca. 1510?–1563 Venice",sheet: 12 13/16 x 8 7/16 in. (32.5 x 21.5 cm),ca. 1550–53,1563      ,Italian,Holy Family|Saint Joseph|Angels|Christ|Virgin Mary,Andrea Schiavone (Andrea Meldola)
https://images.metmuseum.org/CRDImages/dp/original/DP878176.jpg,Manufacturer,Drawing,http://vocab.getty.edu/page/aat/300185335,"Metropolitan Museum of Art, New York, NY",380245,https://www.wikidata.org/wiki/Q235356,23.112.3115,Drawings,"Pen and black ink, watercolor and gouache",          ,1850,"Design for Vis-à-vis, no. 638",1870,Drawings and Prints,16517,"American, New York",sheet: 5 3/4 x 8 5/8 in. (14.6 x 21.9 cm),1850–70,          ,American,Carriages,Brewster & Co.
https://images.metmuseum.org/CRDImages/dp/original/DP362360.jpg,Designer|Publisher,Books Prints Ornament & Architecture,http://vocab.getty.edu/page/aat/300126352,"Metropolitan Museum of Art, New York, NY",661609,https://www.wikidata.org/wiki/Q14659,37.1(1),Books|Prints|Ornament & Architecture,Woodcut,1565      |          ,1610,"Fiore D'Ogni Virtu Per le Nobili Et Honeste Matrone, title page (recto)",1610,Drawings and Prints,857589425,"Italian, ca. 1565/70–ca. 1625| ",Overall: 7 7/8 x 10 1/4 in. (20 x 26 cm),1610,1625      |          ,Italian|Italian,Coat of Arms,Isabella Catanea Parasole|Antonio Fachetti
https://images.metmuseum.org/CRDImages/dp/original/DP840178.jpg,Publisher,Photograph,http://vocab.getty.edu/page/aat/300015637|http://vocab.getty.edu/page/aat/300025943|http://vocab.getty.edu/page/aat/300025658,"Metropolitan Museum of Art, New York, NY",647567,https://www.wikidata.org/wiki/Q134307|https://www.wikidata.org/wiki/Q467|https://www.wikidata.org/wiki/Q21169216,63.350.208.145.5.145,Photographs|Ephemera,Albumen photograph,1870      ,1880,"Card Number 154, Julia Verene, from the Actors and Actresses series (N145-5) issued by Duke Sons & Co. to promote Cameo Cigarettes",1889,Drawings and Prints,10567,"New York and Durham, N.C.",Sheet: 2 11/16 × 1 3/8 in. (6.8 × 3.5 cm),1880s,1920      ,American,Portraits|Women|Actresses,"W. Duke, Sons & Co."
https://images.metmuseum.org/CRDImages/dp/original/DP817475.jpg,Artist,Print,http://vocab.getty.edu/page/aat/300265714|http://vocab.getty.edu/page/aat/300250148,"Metropolitan Museum of Art, New York, NY",381423,https://www.wikidata.org/wiki/Q144|https://www.wikidata.org/wiki/Q726,22.60.25(78),Prints,"Etching, drypoint, burin, burnisher",1746      ,1814,"Plate 78 from ""The Disasters of War"" (Los Desastres de la Guerra): 'He defends himself well' (Se defiende bien)",1815,Drawings and Prints,16195,"Spanish, Fuendetodos 1746–1828 Bordeaux","Plate: 6 3/4 × 8 11/16 in. (17.2 × 22 cm)
Sheet: 9 15/16 × 13 9/16 in. (25.2 × 34.5 cm)",1814–15 (published 1863),1828      ,Spanish,Dogs|Horses,Goya (Francisco de Goya y Lucientes)
https://images.metmuseum.org/CRDImages/dp/original/DP829060.jpg,Artist,Print,http://vocab.getty.edu/page/aat/300037048|http://vocab.getty.edu/page/aat/300025928|http://vocab.getty.edu/page/aat/300015637,"Metropolitan Museum of Art, New York, NY",399188,https://www.wikidata.org/wiki/Q12791|https://www.wikidata.org/wiki/Q8441|https://www.wikidata.org/wiki/Q134307,2012.136.73,Prints,Etching,1716      ,1716,"Pasha grasping a sword at his hip with both hands, from ""Caravan of the Sultan to Mecca"" (Caravane du Sultan à la Mecque)",1809,Drawings and Prints,16264,"French, Montpellier 1716–1809 Paris","sheet: 14 11/16 x 10 7/16 in. (37.3 x 26.5 cm)
plate: 8 x 5 1/4 in. (20.3 x 13.3 cm)",1748,1809      ,French,Swords|Men|Portraits,Joseph Marie Vien
https://images.metmuseum.org/CRDImages/dp/original/DP800060.jpg,Artist,Drawing,http://vocab.getty.edu/page/ia/901000052,"Metropolitan Museum of Art, New York, NY",335321,https://www.wikidata.org/wiki/Q9309699,1975.131.206,Drawings,Pen and dark brown ink on tan paper. Paper cut in an oval shape,1601      ,1600,Madonna and Child [?],1850,Drawings and Prints,16331,"Spanish, Granada 1601–1667 Granada",3-7/16 x 2-13/16 in.  (8.7 x 7.1 cm),n.d.,1667      ,Spanish,Madonna and Child,Alonso Cano
https://images.metmuseum.org/CRDImages/dp/original/DP836636.jpg,Artist,Print,http://vocab.getty.edu/page/aat/300025928|http://vocab.getty.edu/page/aat/300025943,"Metropolitan Museum of Art, New York, NY",428285,https://www.wikidata.org/wiki/Q8441|https://www.wikidata.org/wiki/Q467,47.100.176,Prints,Engraving,1502      ,1555,"Susanna Accused of Adultery, from The Story of Susanna",1555,Drawings and Prints,16158,"German, Paderborn ca. 1502–1555/1561 Soest",Sheet: 4 9/16 × 3 1/4 in. (11.6 × 8.3 cm),1555,1561      ,German,Men|Women,Heinrich Aldegrever
https://images.metmuseum.org/CRDImages/dp/original/DP818101.jpg,Artist,Print,http://vocab.getty.edu/page/aat/300250148|http://vocab.getty.edu/page/aat/300404114,"Metropolitan Museum of Art, New York, NY",381633,https://www.wikidata.org/wiki/Q726|https://www.wikidata.org/wiki/Q5937779,67.542.12,Prints,"Etching, state i",1610      ,1652,Torchlight Procession at the Modena Carrousel,1652,Drawings and Prints,16365,"Italian, Florence 1610–1664 Florence",,1652,1664      ,Italian,Horses|Human Figures,Stefano della Bella
https://images.metmuseum.org/CRDImages/dp/original/DP811944.jpg,Artist,Drawing,,"Metropolitan Museum of Art, New York, NY",384517,,2008.670.1,Drawings,"Pen and black ink, brush and gray wash",1746      ,1755,Studies of Eight Silver Pieces,1810,Drawings and Prints,16530,"French, Paris 1746–1810 Paris",sheet: 12 x 18 1/4 in. (30.5 x 46.4 cm),n.d.,1810      ,French,,Jean Guillaume Moitte
https://images.metmuseum.org/CRDImages/dp/original/49FF_454R2.jpg,Publisher|Lithographer,Print,http://vocab.getty.edu/page/tgn/7007567|http://vocab.getty.edu/page/aat/300004789|http://vocab.getty.edu/page/aat/300008389|http://vocab.getty.edu/page/aat/300386103|http://vocab.getty.edu/page/aat/300185335,"Metropolitan Museum of Art, New York, NY",366863,https://www.wikidata.org/wiki/Q60|https://www.wikidata.org/wiki/Q41176|https://www.wikidata.org/wiki/Q515|https://www.wikidata.org/wiki/Q7766995|https://www.wikidata.org/wiki/Q235356,54.90.1161,Prints,Lithograph with tint stone,1800      |1800      ,1856,"Broadway, New York, West Side from Fulton Street to Courtland Street",1856,Drawings and Prints,936739367,"New York, NY|New York, NY","image: 16 1/4 x 37 5/16 in. (41.2 x 94.7 cm)
sheet: 21 11/16 x 37 5/8 in. (55.1 x 95.5 cm)
",1856,1900      |1900      ,American|American,New York City|Buildings|Cities|Street Scene|Carriages,W. Stephenson & Co.|Boell and Michelin
https://images.metmuseum.org/CRDImages/dp/original/DP840181.jpg,Publisher,Photograph,http://vocab.getty.edu/page/aat/300015637|http://vocab.getty.edu/page/aat/300025943|http://vocab.getty.edu/page/aat/300025658,"Metropolitan Museum of Art, New York, NY",647570,https://www.wikidata.org/wiki/Q134307|https://www.wikidata.org/wiki/Q467|https://www.wikidata.org/wiki/Q21169216,63.350.208.145.5.148,Photographs|Ephemera,Albumen photograph,1870      ,1880,"Card Number 369, Marie Williams, from the Actors and Actresses series (N145-5) issued by Duke Sons & Co. to promote Cameo Cigarettes",1889,Drawings and Prints,10567,"New York and Durham, N.C.",Sheet: 2 11/16 × 1 3/8 in. (6.8 × 3.5 cm),1880s,1920      ,American,Portraits|Women|Actresses,"W. Duke, Sons & Co."
https://images.metmuseum.org/CRDImages/dp/original/DP821787.jpg,Publisher,Print,http://vocab.getty.edu/page/aat/300265714,"Metropolitan Museum of Art, New York, NY",405154,https://www.wikidata.org/wiki/Q144,63.350.214.163.11,Prints|Ephemera,Commercial color lithograph,1850      ,1890,"Pug, from the Dogs of the World series for Old Judge Cigarettes",1890,Drawings and Prints,16328, ,sheet: 1 1/2 x 2 13/16 in. (3.8 x 7.1 cm),1890,1950      , ,Dogs,Goodwin & Company
https://images.metmuseum.org/CRDImages/dp/original/DP823728.jpg,Artist|Etcher,Print,http://vocab.getty.edu/page/aat/300191856,"Metropolitan Museum of Art, New York, NY",360712,https://www.wikidata.org/wiki/Q13147,17.50.18-101,Prints,Etching; only state,1452      |1607      ,1645,Skull in profile to right,1645,Drawings and Prints,16205916199,"Italian, Vinci 1452–1519 Amboise|Bohemian, Prague 1607–1677 London","Plate: 3 1/16 × 3 5/8 in. (7.8 × 9.2 cm)
with narrow margins all around",1645,1519      |1677      ,Italian|Bohemian,Skulls,Leonardo da Vinci|Wenceslaus Hollar
https://images.metmuseum.org/CRDImages/dp/original/DP821855.jpg,Artist,Drawing,http://vocab.getty.edu/page/aat/300025928|http://vocab.getty.edu/page/aat/300015637|http://vocab.getty.edu/page/aat/300025481,"Metropolitan Museum of Art, New York, NY",405971,https://www.wikidata.org/wiki/Q8441|https://www.wikidata.org/wiki/Q134307|https://www.wikidata.org/wiki/Q12097,2012.106,Drawings,Black and white chalk with touches of pastel on light brown paper,1590      ,1632,Portrait of Louis XIII,1635,Drawings and Prints,16267,"French, Paris 1590–1649 Paris",Sheet: 10 3/4 x 8 5/16 in. (27.3 x 21.1 cm),ca. 1632–35,1649      ,French,Men|Portraits|Kings,Simon Vouet
https://images.metmuseum.org/CRDImages/dp/original/DP815649.jpg,Artist,Drawing,http://vocab.getty.edu/page/aat/300254496|http://vocab.getty.edu/page/aat/300266506|http://vocab.getty.edu/page/aat/300037038|http://vocab.getty.edu/page/aat/300025943,"Metropolitan Museum of Art, New York, NY",396389,https://www.wikidata.org/wiki/Q2095|https://www.wikidata.org/wiki/Q5113|https://www.wikidata.org/wiki/Q44475|https://www.wikidata.org/wiki/Q467,61.672,Drawings,"Pen and ink, brush and wash",1747      ,1796,Allegories of Wisdom and Truth Leading the Infant Arts to America,1796,Drawings and Prints,16282,"Irish, Dublin ca. 1747–1815 Philadelphia, Pennsylvania",sheet: 7 9/16 x 9 7/16 in. (19.2 x 24 cm),after 1796,1815      ,Irish,Food|Birds|Spears|Women,John James Barralet
https://images.metmuseum.org/CRDImages/dp/original/MM26251.jpg,Artist,Print Ornament & Architecture,http://vocab.getty.edu/page/aat/300266506|http://vocab.getty.edu/page/aat/300082981|http://vocab.getty.edu/page/aat/300404114,"Metropolitan Museum of Art, New York, NY",341718,https://www.wikidata.org/wiki/Q5113|https://www.wikidata.org/wiki/Q11446|https://www.wikidata.org/wiki/Q5937779,53.600.3217,Prints|Ornament & Architecture,Etching and engraving,1653      ,1682,"Birth of the Dauphin, Toulouse, 1682: Capture of the Golden Fleece",1682,Drawings and Prints,8424,"French, ca. 1653–ca. 1684",Sheet: 8 7/16 × 10 3/8 in. (21.5 × 26.3 cm),1682,1684      ,French,Birds|Ships|Human Figures,Jacques LePautre
https://images.metmuseum.org/CRDImages/dp/original/DP819955.jpg,Artist,Print,http://vocab.getty.edu/page/aat/300379724|http://vocab.getty.edu/page/aat/300379004|http://vocab.getty.edu/page/ia/901000087|http://vocab.getty.edu/page/aat/300055184|http://vocab.getty.edu/page/aat/300025928,"Metropolitan Museum of Art, New York, NY",366991,https://www.wikidata.org/wiki/Q40953|https://www.wikidata.org/wiki/Q235113|https://www.wikidata.org/wiki/Q642420|https://www.wikidata.org/wiki/Q5780945|https://www.wikidata.org/wiki/Q8441,17.3.3113,Prints,Engraving,1435      ,1490,Christ on the Mount of Olives (reverse copy in roundel),1525,Drawings and Prints,16239,"German, Colmar ca. 1435/50–1491 Breisach",Sheet: 6 5/16 × 6 1/8 in. (16.1 × 15.6 cm),late 15th–16th century,1491      ,German,Praying|Angels|Christ|Suffering|Men,Martin Schongauer
https://images.metmuseum.org/CRDImages/dp/original/DP837964.jpg,Printer|Printer|Artist,Print,,"Metropolitan Museum of Art, New York, NY",393979,,2002.333.50,Prints,Engraving; proof,1824      |1800      |1787      ,1819,Banknote motif: the word FIVE against a rectangle of ornamental lathe work resembling wavy woven bands,1847,Drawings and Prints,86002739168598,"American, active 1824–32|New York|American, 1787–1868",sheet: 1 1/16 x 3 1/8 in. (2.7 x 8 cm),ca. 1824–42,1832      |1850      |1868      ,American|American|American,,"A. B. & C. Durand & Company|Durand, Perkins, and Company|Cyrus Durand"
https://images.metmuseum.org/CRDImages/dp/original/DP822898.jpg,Etcher|Artist,Print,http://vocab.getty.edu/page/aat/300250049|http://vocab.getty.edu/page/aat/300380105|http://vocab.getty.edu/page/aat/300203596,"Metropolitan Museum of Art, New York, NY",360727,https://www.wikidata.org/wiki/Q2092297|https://www.wikidata.org/wiki/Q5011|https://www.wikidata.org/wiki/Q153988,17.50.18-116,Prints,Etching; first state of two,1607      |1499      ,1652,Cupid and an eagle,1652,Drawings and Prints,16199516194,"Bohemian, Prague 1607–1677 London|Italian, Rome 1499?–1546 Mantua",Sheet: 4 3/8 × 5 13/16 in. (11.1 × 14.8 cm),1652,1677      |1546      ,Bohemian|Italian,Eagles|Cupid|Bowls,Wenceslaus Hollar|Giulio Romano
https://images.metmuseum.org/CRDImages/dp/original/DP865584.jpg,Publisher|Lithographer,Print,http://vocab.getty.edu/page/aat/300247598,"Metropolitan Museum of Art, New York, NY",640110,https://www.wikidata.org/wiki/Q3010,63.350.207.136.4,Prints|Ephemera,Commercial color lithograph,1870      |          ,1888,"""Der's a stunt for yer,"" from the Terrors of America set (N136) issued by Duke Sons & Co. to promote Honest Long Cut Tobacco",1889,Drawings and Prints,10567010599,"New York and Durham, N.C.|American, New York",Sheet: 2 3/4 x 1 1/2 in. (7 x 3.8 cm),1888–89,1920      |          ,American|American,Boys,"W. Duke, Sons & Co.|Knapp & Company"
https://images.metmuseum.org/CRDImages/dp/original/DP846568.jpg,Publisher,Photograph,http://vocab.getty.edu/page/aat/300015637|http://vocab.getty.edu/page/aat/300025943|http://vocab.getty.edu/page/aat/300025658,"Metropolitan Museum of Art, New York, NY",404934,https://www.wikidata.org/wiki/Q134307|https://www.wikidata.org/wiki/Q467|https://www.wikidata.org/wiki/Q21169216,63.350.215.171.9,Photographs|Ephemera,Albumen photograph,1850      ,1886,"Lillian Grub, from the Actors and Actresses series (N171) for Gypsy Queen Cigarettes",1890,Drawings and Prints,16328, ,sheet: 2 11/16 x 1 3/8 in. (6.9 x 3.5 cm),1886–90,1950      , ,Portraits|Women|Actresses,Goodwin & Company
https://images.metmuseum.org/CRDImages/dp/original/DP800266.jpg,Artist,Drawing,http://vocab.getty.edu/page/aat/300004789|http://vocab.getty.edu/page/aat/300263552,"Metropolitan Museum of Art, New York, NY",336123,https://www.wikidata.org/wiki/Q41176|https://www.wikidata.org/wiki/Q12271,58.648.2(34),Drawings,"Red chalk, pen and black ink, brush and gray wash",1670      ,1690,A Reconstuction of the Pantheon (above) and a View of its Appearance Around 1700 (below),1704,Drawings and Prints,7102,"Dutch, Middelburg 1670–1731 Amsterdam",13 1/16 x 8 5/16 in.  (33.2 x 21.1 cm),before 1704,1731      ,Dutch,Buildings|Architecture,Jan Goeree
https://images.metmuseum.org/CRDImages/dp/original/DP820192.jpg,Artist,Drawing,http://vocab.getty.edu/page/aat/300417582|http://vocab.getty.edu/page/aat/300263552,"Metropolitan Museum of Art, New York, NY",340250,https://www.wikidata.org/wiki/Q11635|https://www.wikidata.org/wiki/Q12271,1972.713.53c,Drawings,"Pen, gray ink, and gray and brown wash",1696      ,1696,Views of a Theater (Bayreuth): Interior Elevation of the Theater Showing Royal Box,1756,Drawings and Prints,7400,"Italian, Parma 1696–1756 Berlin",17-3/4 x 15 in.  (45.1 x 38.1 cm),1696–1756,1756      ,Italian,Theatre|Architecture,Giuseppe Galli Bibiena
https://images.metmuseum.org/CRDImages/dp/original/DP871728.jpg,Artist|Publisher|Subject,Print,http://vocab.getty.edu/page/aat/300025928|http://vocab.getty.edu/page/aat/300069451,"Metropolitan Museum of Art, New York, NY",392680,https://www.wikidata.org/wiki/Q8441|https://www.wikidata.org/wiki/Q173799,59.533.170,Prints,Etching,1757      |1761      |1751      ,1786,Private Amusement,1786,Drawings and Prints,1650958652610280,"British, London 1757–1827 London|London|British, York 1751–1820 Doncaster","Sheet: 9 11/16 × 11 3/4 in. (24.6 × 29.8 cm)
Plate: 8 3/8 × 9 3/4 in. (21.3 × 24.7 cm)","January 1, 1786",1827      |1999      |1820      ,British|British|British,Men|Entertainment,Thomas Rowlandson|S. W. Fores|Edward Topham
https://images.metmuseum.org/CRDImages/dp/original/DP348814.jpg,Publisher,Books Prints Ornament & Architecture,http://vocab.getty.edu/page/aat/300025928|http://vocab.getty.edu/page/aat/300025943,"Metropolitan Museum of Art, New York, NY",659005,https://www.wikidata.org/wiki/Q8441|https://www.wikidata.org/wiki/Q467,32.54.1(44),Books|Prints|Ornament & Architecture,Woodcut,1530      ,1530,"Opera Nova Universali intitulata Corona di racammi, page 22 (verso)",1530,Drawings and Prints,7792,"Italian, active Venice 1530–1573",Overall: 8 7/8 x 6 7/8 in. (22.5 x 17.5 cm),[1530],1573      ,Italian,Men|Women,Giovanni Andrea Vavassore
https://images.metmuseum.org/CRDImages/dp/original/DP353743.jpg,Publisher,Books Prints Ornament & Architecture,http://vocab.getty.edu/page/aat/300164595,"Metropolitan Museum of Art, New York, NY",661947,https://www.wikidata.org/wiki/Q335261,18.67.2(98),Books|Prints|Ornament & Architecture,Woodcut,1521      ,1601,"Corona delle Nobili et Virtuose Donne: Libro I-IV, page 96 (recto)",1601,Drawings and Prints,16261,"Italian, Pieve di Cadore 1521–1601 Venice",Overall: 5 1/2 x 7 11/16 in. (14 x 19.5 cm),1601,1601      ,Italian,Ornament,Cesare Vecellio
https://images.metmuseum.org/CRDImages/dp/original/DP810081.jpg,Artist,Drwaing,http://vocab.getty.edu/page/tgn/7000874|http://vocab.getty.edu/page/aat/300006891|http://vocab.getty.edu/page/aat/300386855|http://vocab.getty.edu/page/aat/300249836|http://vocab.getty.edu/page/aat/300404114,"Metropolitan Museum of Art, New York, NY",338991,https://www.wikidata.org/wiki/Q220|https://www.wikidata.org/wiki/Q23413|https://www.wikidata.org/wiki/Q12280|https://www.wikidata.org/wiki/Q127933|https://www.wikidata.org/wiki/Q5937779,"2000.90a, b",Drawings,Pen and brown ink (recto); pen and brown ink over leadpoint or graphite (verso),1606      ,1606,"Figures Watching a Display of Fireworks at Castel Sant'Angelo, Rome (recto); A Distant View of the Fireworks Seen from a Villa Garden (verso)",1680,Drawings and Prints,16404,"Italian, Bologna 1606–1680 Rome",10 1/8 x 14 5/8in. (25.7 x 37.1cm),1606–80,1680      ,Italian,Rome|Castles|Bridges|Fireworks|Human Figures,Giovanni Francesco Grimaldi
https://images.metmuseum.org/CRDImages/dp/original/DP885511.jpg,Artist|Artist,Print,,"Metropolitan Museum of Art, New York, NY",816454,,51.501.4532,Prints,Etching and aquatint in green,1656      |1692      ,1724,"The Pentecost, with the Virgin standing at center, the Holy Spirit above, and Apostles on both sides",1734,Drawings and Prints,1196717443,"Italian, Roman, 1656–1704|French, Paris 1692–1765 Paris",Sheet (Trimmed): 15 9/16 × 9 7/8 in. (39.6 × 25.1 cm),ca. 1729,1704      |1765      ,Italian|French,,"Giovanni Battista Lenardi|Anne Claude Philippe de Tubières, comte de Caylus"
https://images.metmuseum.org/CRDImages/dp/original/DP836167.jpg,Artist,Print,http://vocab.getty.edu/page/aat/300002767|http://vocab.getty.edu/page/aat/300391239|http://vocab.getty.edu/page/aat/300435378,"Metropolitan Museum of Art, New York, NY",360006,https://www.wikidata.org/wiki/Q21263223|https://www.wikidata.org/wiki/Q2998430|https://www.wikidata.org/wiki/Q8436,1989.1119,Prints,"Etching, second state of two",1586      ,1609,A Family Saying Grace,1609,Drawings and Prints,7460,"Dutch, Amsterdam 1586–1652 Amsterdam","Plate: 15 1/2 × 20 in. (39.3 × 50.8 cm)
Sheet: 16 1/2 × 20 9/16 in. (41.9 × 52.3 cm)",1609,1652      ,Dutch,Doorways|Interiors|Family,Claes Jansz. Visscher
https://images.metmuseum.org/CRDImages/dp/original/DP828007.jpg,Publisher,Print,http://vocab.getty.edu/page/aat/300025928|http://vocab.getty.edu/page/aat/300015637,"Metropolitan Museum of Art, New York, NY",406414,https://www.wikidata.org/wiki/Q8441|https://www.wikidata.org/wiki/Q134307,63.350.201.2.16,Prints|Ephemera,Commercial color lithograph,          ,1888,"Big Bear, Missouria, from the American Indian Chiefs series (N2) for Allen & Ginter Cigarettes Brands",1888,Drawings and Prints,16158,"American, Richmond, Virginia",Sheet: 2 3/4 x 1 1/2 in. (7 x 3.8 cm),1888,          ,American,Men|Portraits,Allen & Ginter
https://images.metmuseum.org/CRDImages/dp/original/DP890954.jpg,Artist|Publisher,Print,http://vocab.getty.edu/page/aat/300025928|http://vocab.getty.edu/page/aat/300150555,"Metropolitan Museum of Art, New York, NY",419674,https://www.wikidata.org/wiki/Q8441|https://www.wikidata.org/wiki/Q43115,17.50.17-371(158),Prints,Etching; second state of two (Lieure),1592      |1590      ,1636,"S. Gangulphe, martyr (St. Gangulphus, Martyr), May 11th, from ""Les Images De Tous Les Saincts et Saintes de L'Année"" (Images of All of the Saints and Religious Events of the Year)",1636,Drawings and Prints,1617369138,"French, Nancy 1592–1635 Nancy|French, Nancy ca. 1590–1661 Paris",Sheet: 2 1/2 x 1 15/16 in. (6.4 x 5 cm),1636,1635      |1661      ,French|French,Men|Saints,Jacques Callot|Israël Henriet
https://images.metmuseum.org/CRDImages/dp/original/DP878620.jpg,Manufacturer,Drawing,http://vocab.getty.edu/page/aat/300185335,"Metropolitan Museum of Art, New York, NY",379813,https://www.wikidata.org/wiki/Q235356,23.112.1746,Drawings,"Pen and black ink, watercolor and gouache",          ,1850,"Design for Phaeton, no. 543",1874,Drawings and Prints,16517,"American, New York",6 5/8 x 9 1/4 in. (16.8 x 23.5 cm),1850–74,          ,American,Carriages,Brewster & Co.
https://images.metmuseum.org/CRDImages/dp/original/DP800371.jpg,Artist,Drawing,http://vocab.getty.edu/page/aat/300250120|http://vocab.getty.edu/page/aat/300008707|http://vocab.getty.edu/page/aat/300178749|http://vocab.getty.edu/page/aat/300404114,"Metropolitan Museum of Art, New York, NY",335556,https://www.wikidata.org/wiki/Q830|https://www.wikidata.org/wiki/Q4022|https://www.wikidata.org/wiki/Q35872|https://www.wikidata.org/wiki/Q5937779,1972.118.283,Drawings,Black chalk and gray wash,1596      ,1653,River Scene with Cows,1653,Drawings and Prints,16521,"Dutch, Leiden 1596–1656 The Hague",4 1/2 x 7 11/16 in.  (11.4 x 19.5 cm),1653,1656      ,Dutch,Cows|Rivers|Boats|Human Figures,Jan van Goyen
https://images.metmuseum.org/CRDImages/dp/original/DP810292.jpg,Artist,Drawing,http://vocab.getty.edu/page/aat/300028051|http://vocab.getty.edu/page/aat/300025945|http://vocab.getty.edu/page/aat/300025928|http://vocab.getty.edu/page/aat/300025943|http://vocab.getty.edu/page/aat/300150555,"Metropolitan Museum of Art, New York, NY",383906,https://www.wikidata.org/wiki/Q571|https://www.wikidata.org/wiki/Q7569|https://www.wikidata.org/wiki/Q8441|https://www.wikidata.org/wiki/Q467|https://www.wikidata.org/wiki/Q43115,2008.610,Drawings,"Pen and black ink, brush and gray ink, heightened with white bodycolour, over graphite; on blue paper; incised for transfer",1712      ,1732,Saint Ignatius of Loyola Preaching,1761,Drawings and Prints,7035,"German, Kufstein 1712–1761 Augsburg",sheet: 11 1/8 x 13 7/16 in. (28.3 x 34.2 cm),before 1761,1761      ,German,Books|Children|Men|Women|Saints,Johann Wolfgang Baumgartner
https://images.metmuseum.org/CRDImages/dp/original/DP878608.jpg,Artist and publisher|Artist,Print,http://vocab.getty.edu/page/aat/300379004|http://vocab.getty.edu/page/aat/300150555,"Metropolitan Museum of Art, New York, NY",770379,https://www.wikidata.org/wiki/Q235113|https://www.wikidata.org/wiki/Q43115,51.501.7153,Prints,Etching and engraving; first state of two,1581      |1577      ,1620,"Saint Barbara holding palm leaves with a sword and flowers at her feet, two putti overhead holding a laurel",1659,Drawings and Prints,7898616235,"Dutch, Bolsward 1581–1659 Antwerp|Flemish, Siegen 1577–1640 Antwerp",Sheet (Trimmed): 13 7/16 × 9 1/2 in. (34.2 × 24.1 cm),ca. 1625–59,1659      |1640      ,Dutch|Flemish,Angels|Saints,Schelte Adams à Bolswert|Peter Paul Rubens
https://images.metmuseum.org/CRDImages/dp/original/DP882684.jpg,Manufacturer,Drawing,http://vocab.getty.edu/page/aat/300185335,"Metropolitan Museum of Art, New York, NY",379173,https://www.wikidata.org/wiki/Q235356,23.112.1094,Drawings,Pen and black ink watercolor and gouache with gum arabic,          ,1876,"Design for T-Cart, no. 3183",1876,Drawings and Prints,16517,"American, New York",Sheet: 6 5/8 × 9 3/4 in. (16.8 × 24.8 cm),1876,          ,American,Carriages,Brewster & Co.
https://images.metmuseum.org/CRDImages/dp/original/DP822412.jpg,Artist|Artist,Print,http://vocab.getty.edu/page/aat/300262834|http://vocab.getty.edu/page/aat/300025928|http://vocab.getty.edu/page/aat/300025943|http://vocab.getty.edu/page/aat/300011892|http://vocab.getty.edu/page/aat/300379004,"Metropolitan Museum of Art, New York, NY",393737,https://www.wikidata.org/wiki/Q161524|https://www.wikidata.org/wiki/Q8441|https://www.wikidata.org/wiki/Q467|https://www.wikidata.org/wiki/Q33971|https://www.wikidata.org/wiki/Q235113,41.57.30,Prints,Engraving; first state of two,1598      |1594      ,1642,"Frontispiece: Horace, Quinti Horatii Flacci Opera",1642,Drawings and Prints,6911816227,"French, Abbeville 1598–1688 Paris|French, Les Andelys 1594–1665 Rome",sheet: 13 7/8 x 9 in. (35.2 x 22.9 cm),1642,1688      |1665      ,French|French,Masks|Men|Women|Leaves|Angels,Claude Mellan|Nicolas Poussin
https://images.metmuseum.org/CRDImages/dp/original/DP362531.jpg,Designer|Publisher,Books Prints Ornament & Archiecture,http://vocab.getty.edu/page/aat/300164595,"Metropolitan Museum of Art, New York, NY",660935,https://www.wikidata.org/wiki/Q335261,53.547.2(4),Books|Prints|Ornament & Architecture,Woodcut,1581      |1500      ,1591,"Fiori di Ricami Nuovamente Posti in Luce, page 3 (recto)",1591,Drawings and Prints,809917708,"Italian, active Siena, ca. 1581–died 1613|Italian, active 16th century",Overall: 5 1/2 x 7 7/8 in. (14 x 20 cm),1591,1613      |1600      ,Italian|Italian,Ornament,Matteo Florimi|Francesco de' Franceschi
https://images.metmuseum.org/CRDImages/dp/original/DP881260.jpg,Manufacturer,Drawing,http://vocab.getty.edu/page/aat/300185335,"Metropolitan Museum of Art, New York, NY",378615,https://www.wikidata.org/wiki/Q235356,23.112.540,Drawings,"Pen and black ink, watercolor and gouache with gum arabic",          ,1876,White Chapel Cart # 3202,1876,Drawings and Prints,16517,"American, New York",sheet: 6 1/8 x 8 15/16 in. (15.6 x 22.7 cm),1876,          ,American,Carriages,Brewster & Co.
https://images.metmuseum.org/CRDImages/dp/original/DP822219.jpg,Artist|Printer,Print,http://vocab.getty.edu/page/aat/300379732|http://vocab.getty.edu/page/aat/300132410,"Metropolitan Museum of Art, New York, NY",336857,https://www.wikidata.org/wiki/Q163709|https://www.wikidata.org/wiki/Q10884,17.22.9,Prints,Etching; second state of three (Delteil),1817      |0019      ,1850,The Satyr,1850,Drawings and Prints,16180610098,"French, Paris 1817–1878 Paris|French, active 19th century",Plate: 7 1/16 × 5 5/8 in. (18 × 14.3 cm),1850,1878      |0019      ,French|French,Satyrs|Trees,Charles-François Daubigny|A. Beillet
https://images.metmuseum.org/CRDImages/dp/original/DP883177.jpg,Subject|Artist|Publisher,Print,,"Metropolitan Museum of Art, New York, NY",412291,,61.663.69,Prints,Etching,0957      |1705      |1720      ,1773,Edward the Martyr,1773,Drawings and Prints,2051831051696895,"British, ca. 962–978 Corfe Castle, Dorset|Italian, 1705–1784|British, Dorrington, Shropshire 1720–1804 London",Sheet: 18 x 12 15/16 in. (45.7 x 32.9 cm),1773,0978      |1784      |1804      ,British|Italian|British,,"Edward the Martyr, King of England|Andrea Casali|John Boydell"
https://images.metmuseum.org/CRDImages/dp/original/DPB872580.jpg,Publisher,Print,http://vocab.getty.edu/page/aat/300037148|http://vocab.getty.edu/page/aat/300123319,"Metropolitan Museum of Art, New York, NY",724791,https://www.wikidata.org/wiki/Q12796|https://www.wikidata.org/wiki/Q4382010,"Burdick 218, N224.207",Prints|Ephemera,Commercial color lithograph,1869      ,1888,"Private, Hawkins Zouaves, 9th Regiment, New York Vet., from the Military Series (N224) issued by Kinney Tobacco Company to promote Sweet Caporal Cigarettes",1888,Drawings and Prints,17537, ,Sheet: 2 3/4 × 1 1/2 in. (7 × 3.8 cm),1888,2011      ,American,Firearms|Profiles,Kinney Brothers Tobacco Company
https://images.metmuseum.org/CRDImages/dp/original/DP805166.jpg,Artist,Drawing,http://vocab.getty.edu/page/aat/300132399,"Metropolitan Museum of Art, New York, NY",334919,https://www.wikidata.org/wiki/Q506,28.40.4,Drawings,"Black, white, yellow and orange chalk
",1754      ,1770,White Hollyhocks,1843,Drawings and Prints,6987,"French, Lyon 1754–1843 Lyon",11 1/4 x 9in. (28.5 x 22.9cm),n.d.,1843      ,French,Flowers,Antoine Berjon
https://images.metmuseum.org/CRDImages/dp/original/DP849008.jpg,Artist|Author|Publisher,Print,http://vocab.getty.edu/page/aat/300025928|http://vocab.getty.edu/page/aat/300053042|http://vocab.getty.edu/page/ulan/500357217|http://vocab.getty.edu/page/ia/901000087,"Metropolitan Museum of Art, New York, NY",666021,https://www.wikidata.org/wiki/Q8441|https://www.wikidata.org/wiki/Q23841|https://www.wikidata.org/wiki/Q17131|https://www.wikidata.org/wiki/Q642420,19.52.52,Prints,Woodcut,1480      |1493      |          ,1507,"Pilate Washing his Hands, from Speculum passionis domini nostri Ihesu Christi",1507,Drawings and Prints,1623911638028887,"German, Nuremberg ca. 1480–ca. 1540 Nördlingen|German, active 1493–before 1519|Geman",Sheet: 9 3/8 × 6 3/8 in. (23.8 × 16.2 cm),1507,1540      |1519      |          ,German|German|German,Men|Washing|Pilate|Christ,Hans Schäufelein|Ulrich Pinder|Friedrich Peypus
https://images.metmuseum.org/CRDImages/dp/original/DP803156.jpg,Artist,Drawing,http://vocab.getty.edu/page/aat/300379004|http://vocab.getty.edu/page/ia/901000052|http://vocab.getty.edu/page/aat/300150555,"Metropolitan Museum of Art, New York, NY",340299,https://www.wikidata.org/wiki/Q235113|https://www.wikidata.org/wiki/Q9309699|https://www.wikidata.org/wiki/Q43115,50.605.50,Drawings,"Pen and brown ink, brush and brown wash, over lead or graphite, on cream laid paper. Framing lines in brown ink",1600      ,1600,"Design for an Altar: Virgin and Child Flanked by Saints, Two Angels in the Left and Right Foreground",1800,Drawings and Prints,7126, ,8-1/2 x 6-1/8 in.  (21.6 x 15.5 cm),1600–1800,1799      ,Italian,Angels|Madonna and Child|Saints,"Anonymous, Italian, 17th or 18th century"
https://images.metmuseum.org/CRDImages/dp/original/DP808763.jpg,Artist,Drawing,http://vocab.getty.edu/page/aat/300249525|http://vocab.getty.edu/page/aat/300025945,"Metropolitan Museum of Art, New York, NY",339927,https://www.wikidata.org/wiki/Q729|https://www.wikidata.org/wiki/Q7569,59.208.99,Drawings,Brush and brown wash on paper,1700      ,1700,"Allegories of America, Asia, and Europe",1799,Drawings and Prints,7390, ,7 3/8 x 6 3/16 in.  (18.7 x 15.7 cm),18th century,1800      ,French,Animals|Children,"Anonymous, French, 18th century"
https://images.metmuseum.org/CRDImages/dp/original/DPB871247.jpg,Publisher,Print,http://vocab.getty.edu/page/aat/300250148|http://vocab.getty.edu/page/aat/300189768,"Metropolitan Museum of Art, New York, NY",714374,https://www.wikidata.org/wiki/Q726|https://www.wikidata.org/wiki/Q63443976,63.350.216.197.1,Prints|Ephemera,Commercial color lithograph,          ,1886,"Four in Hand, from the Sports and Art Subjects series (N197) issued by Wm. S. Kimball & Co.",1893,Drawings and Prints,19138, ,Sheet: 3 in. × 3 3/8 in. (7.6 × 8.5 cm),ca. 1889,          , ,Horses|Spectators,William S. Kimball & Company
https://images.metmuseum.org/CRDImages/dp/original/DP800976.jpg,Artist|Sitter|Subject,Drawing,http://vocab.getty.edu/page/aat/300025943|http://vocab.getty.edu/page/aat/300265714|http://vocab.getty.edu/page/aat/300025658|http://vocab.getty.edu/page/ulan/500272240,"Metropolitan Museum of Art, New York, NY",341553,https://www.wikidata.org/wiki/Q467|https://www.wikidata.org/wiki/Q144|https://www.wikidata.org/wiki/Q21169216|https://www.wikidata.org/wiki/Q692,59.23.21,Drawings,"Graphite, blue chalk, and watercolor, with touches of  gouache (bodycolor)",1742      |1758      |1564      ,1774,Mrs. Robinson as Perdita,1784,Drawings and Prints,10752810355216487,"British, Oakford, Devon 1742–1821 London|British, 1758–1800|British, Stratford-upon-Avon 1564–1616 Stratford-upon-Avon",oval sheet: 7 13/16 x 6 in. (19.9 x 15.3 cm),ca. 1779,1821      |1800      |1616      ,British|British|British,Women|Dogs|Actresses|Shakespeare,"Richard Cosway|Mary ""Perdita"" Robinson|William Shakespeare"
https://images.metmuseum.org/CRDImages/dp/original/DP882326.jpg,Engraver|Publisher|Artist,Print,,"Metropolitan Museum of Art, New York, NY",811938,,53.600.1476,Prints,Engraving,1743      |1707      |1714      ,1765,Eighth View of Italy,1775,Drawings and Prints,9032516481516263,"French, Lille 1743–?1806/9 Paris|French, Paris 1707–1783 Paris|French, Avignon 1714–1789 Paris",Sheet (Trimmed): 13 7/16 × 17 3/16 in. (34.2 × 43.7 cm),ca. 1770,1809      |1783      |1789      ,French|French|French,,Isidore Stanislas Henri Helman|Jacques Philippe Le Bas|Joseph Vernet
https://images.metmuseum.org/CRDImages/dp/original/DP885241.jpg,Artist,"Print, Trade Card",,"Metropolitan Museum of Art, New York, NY",820842,,26.28.367,Prints|Ephemera,Engraving,1700      ,1700,"Trade Card for D. Rymer, Book & Print Seller",1800,Drawings and Prints,10463, ,Sheet: 2 15/16 × 3 7/8 in. (7.4 × 9.8 cm),18th century,1800      ,British,,"Anonymous, British, 18th century"
https://images.metmuseum.org/CRDImages/dp/original/DP840317.jpg,Publisher,Photograph,http://vocab.getty.edu/page/aat/300025943|http://vocab.getty.edu/page/aat/300025658,"Metropolitan Museum of Art, New York, NY",647971,https://www.wikidata.org/wiki/Q467|https://www.wikidata.org/wiki/Q21169216,63.350.208.145.6.84,Photographs|Ephemera,Albumen photograph,1870      ,1880,"Card Number 15, Miss Southerland, from the Actors and Actresses series (N145-6) issued by Duke Sons & Co. to promote Duke Cigarettes",1889,Drawings and Prints,10567,"New York and Durham, N.C.",Sheet: 2 11/16 × 1 3/8 in. (6.8 × 3.5 cm),1880s,1920      ,American,Women|Actresses,"W. Duke, Sons & Co."
https://images.metmuseum.org/CRDImages/dp/original/DP838603.jpg,Artist|Artist,Print,http://vocab.getty.edu/page/ia/901000052,"Metropolitan Museum of Art, New York, NY",666266,https://www.wikidata.org/wiki/Q9309699,51.501.5017,Prints,Etching,1575      |1600      ,1595,"The Virgin holding the infant Christ, a circular composition, after Reni",1645,Drawings and Prints,1623018562,"Italian, Bologna 1575–1642 Bologna| ",Sheet (Trimmed): 7 3/8 × 6 5/8 in. (18.8 × 16.9 cm),ca. 1600–40,1642      |1700      ,Italian| ,Madonna and Child,"Guido Reni|Anonymous, 17th century"
https://images.metmuseum.org/CRDImages/dp/original/DP832097.jpg,Artist|Artist,Print,http://vocab.getty.edu/page/aat/300025943,"Metropolitan Museum of Art, New York, NY",397304,https://www.wikidata.org/wiki/Q467,2012.136.124.4,Prints,Engraving,1553      |1529      ,1570,"Summer (Estate), represented as a robed woman bearing a horn of plenty, a spandrel-shaped composition from the series 'The Four Seasons'",1615,Drawings and Prints,7024416278,"Italian, Borgo Sansepolcro 1553–1615 Rome|Italian, Sant'Angelo in Vado 1529–1566 Rome",sheet: 9 3/4 x 6 5/16 in. (24.7 x 16 cm),ca. 1570–1615,1615      |1566      ,Italian|Italian,Women,Cherubino Alberti (Zaccaria Mattia)|Taddeo Zuccaro
https://images.metmuseum.org/CRDImages/dp/original/DP812709.jpg,Artist,Drawing,http://vocab.getty.edu/page/aat/300037737,"Metropolitan Museum of Art, New York, NY",392376,https://www.wikidata.org/wiki/Q1144689,66.551.17,Drawings,Watercolor,1800      ,1800,Design for a Firescreen (?),1899,Drawings and Prints,7391, ,sheet: 7 9/16 x 12 3/8 in. (19.2 x 31.4 cm),19th century,1900      ,French,Screens,"Anonymous, French, 19th century"
https://images.metmuseum.org/CRDImages/dp/original/DP845789.jpg,Publisher,"Baseball card, photograph",http://vocab.getty.edu/page/aat/300025928|http://vocab.getty.edu/page/aat/300015637|http://vocab.getty.edu/page/aat/300222760|http://vocab.getty.edu/page/aat/300236025,"Metropolitan Museum of Art, New York, NY",403415,https://www.wikidata.org/wiki/Q8441|https://www.wikidata.org/wiki/Q134307|https://www.wikidata.org/wiki/Q5369|https://www.wikidata.org/wiki/Q2066131,63.350.215.172.1252,Photographs|Ephemera,Albumen photograph,1850      ,1889,"Albert C. ""Al"" Buckenberger, Manager, Cleveland, from the Old Judge series (N172) for Old Judge Cigarettes",1889,Drawings and Prints,16328, ,sheet: 2 11/16 x 1 3/8 in. (6.9 x 3.5 cm),1889,1950      , ,Men|Portraits|Baseball|Athletes,Goodwin & Company
https://images.metmuseum.org/CRDImages/dp/original/DP837014.jpg,Artist,print ornament & architecture,http://vocab.getty.edu/page/aat/300164595,"Metropolitan Museum of Art, New York, NY",418377,https://www.wikidata.org/wiki/Q335261,56.500.78,Prints,Engraving,1500      ,1500,Frieze with a Horned Male Figure at Center with Two Tendrils Held at Either End by Winged Female Figures,1550,Drawings and Prints,16280,"German, Nuremberg 1500–1550 Frankfurt",Sheet: 5/8 x 5 1/4 in. (1.6 x 13.3 cm),1500–1550,1550      ,German,Ornament,Sebald Beham
https://images.metmuseum.org/CRDImages/dp/original/DP846848.jpg,Publisher,Photograph,http://vocab.getty.edu/page/aat/300015637|http://vocab.getty.edu/page/aat/300025943|http://vocab.getty.edu/page/aat/300025658,"Metropolitan Museum of Art, New York, NY",405536,https://www.wikidata.org/wiki/Q134307|https://www.wikidata.org/wiki/Q467|https://www.wikidata.org/wiki/Q21169216,63.350.215.171.298,Photographs|Ephemera,Albumen photograph,1850      ,1886,"Lydia Yeamana, from the Actors and Actresses series (N171) for Old Judge Cigarettes",1890,Drawings and Prints,16328, ,sheet: 2 11/16 x 1 3/8 in. (6.9 x 3.5 cm),1886–90,1950      , ,Portraits|Women|Actresses,Goodwin & Company
https://images.metmuseum.org/CRDImages/dp/original/DP803769.jpg,Artist,Drawing,http://vocab.getty.edu/page/ia/901000087|http://vocab.getty.edu/page/aat/300025945|http://vocab.getty.edu/page/aat/300025928|http://vocab.getty.edu/page/aat/300025943,"Metropolitan Museum of Art, New York, NY",340188,https://www.wikidata.org/wiki/Q642420|https://www.wikidata.org/wiki/Q7569|https://www.wikidata.org/wiki/Q8441|https://www.wikidata.org/wiki/Q467,87.12.150,Drawings,"Black chalk, highlighted with white gouache on brown paper",1600      ,1600,Christ and the Children,1700,Drawings and Prints,7119, ,7-13/16 x 10-13/16 in.  (19.9 x 27.5 cm),17th century,1700      ,Italian,Christ|Children|Men|Women,"Anonymous, Italian, Roman-Bolognese, 17th century"
https://images.metmuseum.org/CRDImages/dp/original/DP363392.jpg,Publisher,Books Prints Ornament & Architecture,http://vocab.getty.edu/page/aat/300164902,"Metropolitan Museum of Art, New York, NY",665919,https://www.wikidata.org/wiki/Q415908,29.71(26),Books|Prints|Ornament & Architecture,Woodcut,1490      ,1524,"Ein new Modelbuch..., page 13 (verso)",1524,Drawings and Prints,8945,"German, active 1510–30",7 5/16 x 5 3/8 in. (18.5 x 13.6 cm),"October 22, 1524",1550      ,German,Acanthus,Johann Schönsperger the Younger
https://images.metmuseum.org/CRDImages/dp/original/DP853774.jpg,Artist|Artist,Print,http://vocab.getty.edu/page/aat/300126352|http://vocab.getty.edu/page/aat/300178749|http://vocab.getty.edu/page/aat/300266506|http://vocab.getty.edu/page/aat/300250465,"Metropolitan Museum of Art, New York, NY",693061,https://www.wikidata.org/wiki/Q14659|https://www.wikidata.org/wiki/Q35872|https://www.wikidata.org/wiki/Q5113|https://www.wikidata.org/wiki/Q284865,50.580.9,Prints,Hand coloured engraving  and etching,          |1700      ,1700,"The highly ornamented first gondola of Francesco Antonio Berka entering Venice, Gods on clouds in the sky",1700,Drawings and Prints,7607518600,"German|Italian, active 1700",Sheet: 15 3/8 × 27 3/16 in. (39 × 69 cm),1700,          |          ,German|Italian,Coat of Arms|Boats|Birds|Putti,Johann Georg Wolfgang|Liberal Benaglia
https://images.metmuseum.org/CRDImages/dp/original/DP872968.jpg,Artist|Publisher,Print,http://vocab.getty.edu/page/aat/300025928|http://vocab.getty.edu/page/aat/300025943,"Metropolitan Museum of Art, New York, NY",740513,https://www.wikidata.org/wiki/Q8441|https://www.wikidata.org/wiki/Q467,59.533.719,Prints,Etching,1757      |1761      ,1800,Symptoms of Sanctity,1800,Drawings and Prints,1650958652,"British, London 1757–1827 London|London",Sheet (trimmed): 12 5/16 × 10 1/2 in. (31.3 × 26.6 cm),"February 28, 1800",1827      |1999      ,British|British,Men|Women,Thomas Rowlandson|S. W. Fores
https://images.metmuseum.org/CRDImages/dp/original/DP879779.jpg,Publisher|Artist|Artist,Print; Ornament & Architecture,http://vocab.getty.edu/page/aat/300041620|http://vocab.getty.edu/page/aat/300025943|http://vocab.getty.edu/page/aat/300021167,"Metropolitan Museum of Art, New York, NY",412596,https://www.wikidata.org/wiki/Q34379|https://www.wikidata.org/wiki/Q467|https://www.wikidata.org/wiki/Q863679,49.108.2(46),Prints|Ornament & Architecture,Etching and engraving,1722      |1703      |1735      ,1755,"Chinoiserie with a woman playing a gong, from Suite de Figures Chinoises. . .Tiré du Cabinet de Mr. d'Azaincourt (Series of Chinoiserie Figures. . .From the Chambers of Mr. d'Azaincourt), plate 6",1776,Drawings and Prints,1638691617037213,"French, Liège 1722–1776 Paris|French, Paris 1703–1770 Paris|French, Rouen 1735–1813 Paris","Plate: 8 7/8 × 6 7/8 in. (22.5 × 17.4 cm)
Sheet: 13 11/16 × 10 1/4 in. (34.8 × 26 cm)",1755–76,1776      |1770      |1813      ,French|French|French,Musical Instruments|Women|Chinoiserie,Gilles Demarteau|François Boucher|Jean Pierre Louis Laurent Hoüel
https://images.metmuseum.org/CRDImages/dp/original/DP815373.jpg,Artist,Print, |http://vocab.getty.edu/page/aat/300189561|http://vocab.getty.edu/page/aat/300025928|http://vocab.getty.edu/page/aat/300025943|http://vocab.getty.edu/page/aat/300435378,"Metropolitan Museum of Art, New York, NY",373906,https://www.wikidata.org/wiki/Q19827042|https://www.wikidata.org/wiki/Q998|https://www.wikidata.org/wiki/Q8441|https://www.wikidata.org/wiki/Q467|https://www.wikidata.org/wiki/Q8436,19.73.97,Prints,Engraving,1471      ,1491,The Turkish Family,1501,Drawings and Prints,16185,"German, Nuremberg 1471–1528 Nuremberg",sheet: 4 x 2 7/8 in. (10.2 x 7.3 cm). Trimmed to platemark.,ca. 1496,1528      ,German,Bow and Arrow|Infants|Men|Women|Family,Albrecht Dürer
https://images.metmuseum.org/CRDImages/dp/original/DP160830.jpg,Author|Etcher|Publisher|Designer,Book,http://vocab.getty.edu/page/aat/300189568|http://vocab.getty.edu/page/aat/300250465|http://vocab.getty.edu/page/aat/300261242,"Metropolitan Museum of Art, New York, NY",347175,https://www.wikidata.org/wiki/Q40446|https://www.wikidata.org/wiki/Q284865|https://www.wikidata.org/wiki/Q11709836,48.81,Books,Etchings,1500      |1555      |          |1515      ,1571,Le Imagini de i Dei de gli Antichi,1571,Drawings and Prints,78816788177708816487,"Italian, born ca. 1500|Italian, active Venice, 1555–76| |Italian, Castelnuovo di Garfagnana ca. 1520–ca. 1575 Venice",Overall: 8 11/16 x 6 5/16 in. (22 x 16 cm),1571,1500      |1576      |          |1580      ,Italian|Italian|Italian|Italian,Female Nudes|Putti|Seahorses,"Vincenzo Cartari|Bolognino Zaltieri|Vincenzo Valgrisi|Giuseppe Salviati (Giuseppe Porta, called Il Salviati)"
https://images.metmuseum.org/CRDImages/dp/original/DP877760.jpg,Publisher|Printer|Artist,Print,http://vocab.getty.edu/page/aat/300025928|http://vocab.getty.edu/page/aat/300025943,"Metropolitan Museum of Art, New York, NY",756613,https://www.wikidata.org/wiki/Q8441|https://www.wikidata.org/wiki/Q467,57.650.288,Prints,Lithograph on newsprint; third state of three (Delteil),1856      |1800      |1808      ,1869,"Poor old chap!, from 'News of the day,' published in Le Charivari, January 26, 1869",1869,Drawings and Prints,1769687578416180," |Paris|French, Marseilles 1808–1879 Valmondois","Image: 9 7/16 × 8 1/8 in. (24 × 20.6 cm)
Sheet: 11 1/2 × 9 3/16 in. (29.2 × 23.3 cm)","January 26, 1869",1870      |1900      |1879      ,French|French|French,Men|Women,Arnaud de Vresse|Destouches|Honoré Daumier
https://images.metmuseum.org/CRDImages/dp/original/DP808648.jpg,Artist|Former Attribution|Former Attribution,Drawing,http://vocab.getty.edu/page/aat/300249525|http://vocab.getty.edu/page/aat/300266506,"Metropolitan Museum of Art, New York, NY",394926,https://www.wikidata.org/wiki/Q729|https://www.wikidata.org/wiki/Q5113,2010.98,Drawings,"Pen and brown ink, brown wash, over black chalk or graphite; verso: black chalk or graphite, locally strengthened with pen and brown ink",1648      |1600      |1667      ,1686,Design for a monument; verso: Architectural sketches,1724,Drawings and Prints,1028049894110343,"Flemish, Antwerp 1648–1691 Antwerp| |Flemish, 1667–1737",sheet: 6 7/16 x 6 7/16 in. (16.4 x 16.3 cm),late 17th–early 18th century,1691      |1700      |1737      ,Flemish|Flemish|Flemish,Animals|Birds,"Pieter Verbruggen the Younger|Anonymous, Flemish, 17th century|Michiel van der Voort"
https://images.metmuseum.org/CRDImages/dp/original/DPB873758.jpg,Publisher|Lithographer,Print,http://vocab.getty.edu/page/aat/300069657,"Metropolitan Museum of Art, New York, NY",712381,https://www.wikidata.org/wiki/Q11410,63.350.206.125.12,Prints|Ephemera,Commercial color lithograph,1870      |1800      ,1887,"Puzzle Card Number 13, The Domino Trick Puzzle, from the Jokes series (N118) issued by Duke Sons & Co. to promote Honest Long Cut Tobacco",1891,Drawings and Prints,1056709502,"New York and Durham, N.C.|Boston, Massachusetts",Sheet: 4 1/4 × 2 1/2 in. (10.8 × 6.3 cm),ca. 1890,1920      |1900      ,American|American,Games,"W. Duke, Sons & Co.|Armstrong & Co."
https://images.metmuseum.org/CRDImages/dp/original/DP869486.jpg,Artist|Printer,Print,http://vocab.getty.edu/page/aat/300025943,"Metropolitan Museum of Art, New York, NY",736050,https://www.wikidata.org/wiki/Q467,60.678.77,Prints,Zincograph,1851      |1895      ,1875,A woman holding a pan and ladle with other women and cooking supplies in the background,1885,Drawings and Prints,8621519233,"Mexican, 1851–1913|Mexican, active ca. 1900–1910","Sheet: 7 1/16 × 5 1/8 in. (18 × 13 cm)
Image: 6 3/16 × 4 1/8 in. (15.7 × 10.5 cm)",ca. 1880–1910,1913      |1910      ,Mexican|Mexican,Women,José Guadalupe Posada|José Sanchez
https://images.metmuseum.org/CRDImages/dp/original/DP830597.jpg,Publisher,Photograph,http://vocab.getty.edu/page/aat/300015637|http://vocab.getty.edu/page/aat/300025943|http://vocab.getty.edu/page/aat/300025658,"Metropolitan Museum of Art, New York, NY",415237,https://www.wikidata.org/wiki/Q134307|https://www.wikidata.org/wiki/Q467|https://www.wikidata.org/wiki/Q21169216,63.350.203.45.825,Photographs|Ephemera,Albumen photograph,          ,1885,"From the Actors and Actresses series (N45, Type 4) for Virginia Brights Cigarettes",1891,Drawings and Prints,16158,"American, Richmond, Virginia",Sheet: 2 3/4 x 1 3/8 in. (7 x 3.5 cm),ca. 1888,          ,American,Portraits|Women|Actresses,Allen & Ginter
https://images.metmuseum.org/CRDImages/dp/original/DP888352.jpg,Artist,Print,,"Metropolitan Museum of Art, New York, NY",416923,,57.650.382(2),Prints,Etching and engraving; first state of two (Lieure),1592      ,1618,"La Condamnation a Mort (The Condemnation to Death), from La Grande Passion (The Large Passion)",1630,Drawings and Prints,16173,"French, Nancy 1592–1635 Nancy",Sheet: 4 1/2 x 8 5/8 in. (11.4 x 21.9 cm),ca. 1619–24,1635      ,French,,Jacques Callot
https://images.metmuseum.org/CRDImages/dp/original/DP831015.jpg,Publisher,Photograph,http://vocab.getty.edu/page/aat/300015637|http://vocab.getty.edu/page/aat/300025943|http://vocab.getty.edu/page/aat/300025658,"Metropolitan Museum of Art, New York, NY",415990,https://www.wikidata.org/wiki/Q134307|https://www.wikidata.org/wiki/Q467|https://www.wikidata.org/wiki/Q21169216,63.350.203.45.1006,Photographs|Ephemera,Albumen photograph,          ,1885,"Card 692, Marie Wilcox, from the Actors and Actresses series (N45, Type 2) for Virginia Brights Cigarettes",1891,Drawings and Prints,16158,"American, Richmond, Virginia",Sheet: 2 3/4 x 1 3/8 in. (7 x 3.5 cm),ca. 1888,          ,American,Portraits|Women|Actresses,Allen & Ginter
https://images.metmuseum.org/CRDImages/dp/original/DP838052.jpg,Publisher,Print,http://vocab.getty.edu/page/aat/300025943,"Metropolitan Museum of Art, New York, NY",409954,https://www.wikidata.org/wiki/Q467,63.350.201.26.7,Prints|Ephemera,Commercial color lithograph,          ,1888,"Marie Borroughs, from World's Beauties, Series 1 (N26) for Allen & Ginter Cigarettes",1888,Drawings and Prints,16158,"American, Richmond, Virginia",Sheet: 2 3/4 x 1 1/2 in. (7 x 3.8 cm),1888,          ,American,Women,Allen & Ginter
https://images.metmuseum.org/CRDImages/dp/original/DP817168.jpg,Artist|Dedicatee|Artist|Publisher,Print,http://vocab.getty.edu/page/aat/300025943|http://vocab.getty.edu/page/aat/300150555,"Metropolitan Museum of Art, New York, NY",385164,https://www.wikidata.org/wiki/Q467|https://www.wikidata.org/wiki/Q43115,53.600.272,Prints,Engraving,1606      |1558      |1614      |1634      ,1625,St. Genevieve,1716,Drawings and Prints,163859101429921637766,"French, Paris 1606–1656 Paris|1558–1645|French, Paris 1614–1686 Paris|French, Paris 1634–1716 Paris",sheet: 14 15/16 x 9 3/8 in. (38 x 23.8 cm),n.d.,1656      |1645      |1686      |1716      ,French|French|French|French,Women|Saints,Laurent de La Hyre|François de La Rochefoucauld|Gilles Rousselet|Pierre Mariette le fils
https://images.metmuseum.org/CRDImages/dp/original/DP824067.jpg,Publisher,"Baseball card, photograph",http://vocab.getty.edu/page/aat/300025928|http://vocab.getty.edu/page/aat/300015637,"Metropolitan Museum of Art, New York, NY",401232,https://www.wikidata.org/wiki/Q8441|https://www.wikidata.org/wiki/Q134307,63.350.214.172.164,Photographs|Ephemera,Albumen photograph,1850      ,1888,"McGunnigle, Manager, Brooklyn Bridegrooms, from the Old Judge series (N172) for Old Judge Cigarettes",1888,Drawings and Prints,16328, ,sheet: 2 11/16 x 1 3/8 in. (6.9 x 3.5 cm),1888,1950      , ,Men|Portraits,Goodwin & Company
https://images.metmuseum.org/CRDImages/dp/original/DP828492.jpg,Artist,Print,http://vocab.getty.edu/page/aat/300037038|http://vocab.getty.edu/page/aat/300025928,"Metropolitan Museum of Art, New York, NY",407862,https://www.wikidata.org/wiki/Q44475|https://www.wikidata.org/wiki/Q8441,61.663.331,Prints,Etching,1740      ,1780,Banditti Taking His Post,1800,Drawings and Prints,7562,"British, Eastbourne 1740–1779 London",Sheet: 7 3/16 x 4 5/8 in. (18.2 x 11.8 cm),late 18th century,1779      ,British,Spears|Men,John Hamilton Mortimer
https://images.metmuseum.org/CRDImages/dp/original/DP-12696-043.jpg,Artist,Print,http://vocab.getty.edu/page/aat/300004789|http://vocab.getty.edu/page/aat/300126352,"Metropolitan Museum of Art, New York, NY",716133,https://www.wikidata.org/wiki/Q41176|https://www.wikidata.org/wiki/Q14659,2014.599.6,Books,Etching and engraving,1700      ,1777,"West Wickham Court in the County of Kent, from Edward Hasted's, The History and Topographical Survey of the County of Kent, vols. 1-3",1790,Drawings and Prints,10463, ,"Book: 17 5/16 × 11 × 13/16 in. (44 × 28 × 2 cm)
Sheet: 16 15/16 × 10 5/8 in. (43 × 27 cm)
Plate: 10 1/16 × 14 in. (25.5 × 35.5 cm)",1777–90,1800      ,British,Buildings|Coat of Arms,"Anonymous, British, 18th century"
https://images.metmuseum.org/CRDImages/dp/original/DP880963.jpg,Publisher,Print,,"Metropolitan Museum of Art, New York, NY",381276,,54.90.1279,Prints,Lithograph,1852      ,1852,"Wm. L. McDonald, Manufacturers of Carriage Harness & Co. Repository, No. 26 Beekman & 18 Spruce Street, New York",1886,Drawings and Prints,7395,"New York, NY",sheet: 17 3/4 x 13 3/16 in. (45.1 x 33.5 cm),1852–86,1886      ,American,,Endicott & Co.
https://images.metmuseum.org/CRDImages/dp/original/DP841877.jpg,Artist,Print,http://vocab.getty.edu/page/aat/300055184|http://vocab.getty.edu/page/aat/300025928|http://vocab.getty.edu/page/aat/300343837,"Metropolitan Museum of Art, New York, NY",435311,https://www.wikidata.org/wiki/Q5780945|https://www.wikidata.org/wiki/Q8441|https://www.wikidata.org/wiki/Q43412,17.64.9,Prints,Woodcut,1472      ,1472,James The Less from the Martyrdom of the Twelve Apostles,1553,Drawings and Prints,16179,"German, Kronach 1472–1553 Weimar",Sheet: 6 5/16 × 4 15/16 in. (16 × 12.6 cm),,1553      ,German,Suffering|Men|Apostles,Lucas Cranach the Elder
https://images.metmuseum.org/CRDImages/dp/original/DP842694.jpg,Publisher,Print,http://vocab.getty.edu/page/aat/300025928|http://vocab.getty.edu/page/aat/300123319,"Metropolitan Museum of Art, New York, NY",631451,https://www.wikidata.org/wiki/Q8441|https://www.wikidata.org/wiki/Q4382010,63.350.246.181.17,Prints|Ephemera,Commercial color lithograph,1881      ,1881,"Hindoostan, from the Races of Mankind series (T181) issued by Abdul Cigarettes",1881,Drawings and Prints,17532,American,Sheet: 2 3/8 × 1 3/8 in. (6 × 3.5 cm),1881,1881      ,American,Men|Profiles,Abdul Cigarettes
https://images.metmuseum.org/CRDImages/dp/original/DP835405.jpg,Artist|Artist,Print,http://vocab.getty.edu/page/aat/300041620|http://vocab.getty.edu/page/aat/300025928|http://vocab.getty.edu/page/ia/901000109|http://vocab.getty.edu/page/aat/300265714| |http://vocab.getty.edu/page/aat/300435214|http://vocab.getty.edu/page/aat/300132410,"Metropolitan Museum of Art, New York, NY",360224,https://www.wikidata.org/wiki/Q34379|https://www.wikidata.org/wiki/Q8441|https://www.wikidata.org/wiki/Q37340|https://www.wikidata.org/wiki/Q144|https://www.wikidata.org/wiki/Q19827042|https://www.wikidata.org/wiki/Q638|https://www.wikidata.org/wiki/Q10884,32.92.1,Prints,Etching,1499      |1500      ,1540,Contest between Apollo and Marsyas,1560,Drawings and Prints,1619417391,"Italian, Rome 1499?–1546 Mantua| ",sheet diameter: 12 13/16 in. (32.5 cm),ca. 1543,1546      |1600      ,Italian|French,Musical Instruments|Men|Apollo|Dogs|Bow and Arrow|Music|Trees,"Giulio Romano|Anonymous, French, School of Fontainebleau, 16th century"
